POLLSTER,DATE,SAMPLE,ERROR(%),DPP(%),KMT(%),THIRD_PARTY(%),NO_OPINION(%),SCALE,YEAR,ORIGINAL_FILE,NOTES,BANNED
決策,8/24/2015,1075,2.99,41.2,25.5,15,18.3,national,14th,https://twcspa.files.wordpress.com/2015/08/e68cbae69fb1efbc9fe68f9be69fb1efbc9f-2016e5a4a7e981b8e6b091e8aabf.ppt,以中華電信住宅電話用戶為抽樣母體,
國民黨,9/14/2015,,,43,33,13,11,national,14th,https://www.youtube.com/watch?v=BlPCuYZsNdQ,,
蘋果日報,10/6/2015,584,,40.92,29.28,15.07,14.73,national,14th,http://www.appledaily.com.tw/appledaily/article/headline/20151007/36821406/,,
TVBS,10/7/2015,1083,3,48,29,10,13,national,14th,http://www.tvbs.com.tw/export/sites/tvbs/file/other/poll-center/0410063.pdf,http://news.tvbs.com.tw/politics/620560,
決策,10/7/2015,1074,2.99,42.1,19,14.1,24.8,national,14th,http://www.appledaily.com.tw/realtimenews/article/new/20151008/707561/,,
台灣指標,10/13/2015,1003,3.1,44.6,21,12,22.4,national,14th,http://www.tisr.com.tw/?p=5983#more-5983,,
蘋果日報,10/16/2015,1350,,45.47,26.23,12.63,15.67,national,14th,http://www.appledaily.com.tw/appledaily/article/headline/20151018/36846531/,電話輔助,
砝迪斯,10/16/2015,24200,,40.18,17.17,22.39,17.72,national,14th,https://www.youtube.com/watch?v=UDW5dKKzwfs,,1
自由時報,10/17/2015,1031,3.05,47.04,18.91,7.86,26.19,national,14th,http://news.ltn.com.tw/news/focus/paper/924678,,
決策,10/17/2015,1077,2.99,45.2,21.9,13.8,19.1,national,14th,https://www.facebook.com/cspa.tw/posts/437304603139697,,
趨勢,10/17/2015,1084,3,41.6,20.7,10.1,27.6,national,14th,http://www.setn.com/News.aspx?NewsID=101079,,
TVBS,10/19/2015,1072,3,46,29,10,15,national,14th,http://www.tvbs.com.tw/export/sites/tvbs/file/other/poll-center/0410181.pdf,http://news.tvbs.com.tw/politics/622232,
旺旺中時,10/22/2015,716,3.7,38.9,21.8,8.8,30.5,national,14th,http://www.chinatimes.com/newspapers/20151024000311-260102,,
趨勢,10/24/2015,1071,3,48.1,16.3,10.4,25.2,national,14th,http://www.taiwanthinktank.org/page/chinese_attachment_1/3048/1510___________________151025V2.pdf,,
台灣指標,10/27/2015,1004,3.1,47.1,16.4,10.2,26.3,national,14th,http://www.tisr.com.tw/?p=6049#more-6049,,
世新大學,10/31/2015,1068,3,40.3,18.6,8.2,32.9,national,14th,http://www.appledaily.com.tw/appledaily/article/headline/20151103/36877934/,,
世新大學,11/3/2015,,,42.8,20.8,9,27.4,national,14th,/wiki/%E4%B8%96%E6%96%B0%E5%A4%A7%E5%AD%B8,,
決策,11/5/2015,1369,2.65,42.9,20,11.6,25.5,national,14th,https://www.facebook.com/cspa.tw/posts/440788812791276,,
趨勢,11/7/2015,,,46.7,19,11.4,22.9,national,14th,http://www.setn.com/News.aspx?NewsID=104997,,
趨勢,11/8/2015,1069,3,45.2,22.5,9.3,23,national,14th,http://www.tcf.tw/「馬習會民調發佈暨研討會」新聞稿20151110/,,
趨勢,11/8/2015,1078,3,43.1,22.2,7.1,25.6,national,14th,http://www.nownews.com/n/2015/11/09/1875932/2,,
趨勢,11/8/2015,938,3.2,44.5,20.8,10.2,23.8,national,14th,http://www.my-formosa.com/DOC_90966.htm,,
國民黨,11/8/2015,,,44,22,10,24,national,14th,http://udn.com/news/story/1/1321025,,
旺旺中時,11/8/2015,,,32.7,21.1,8,38.2,national,14th,http://www.appledaily.com.tw/realtimenews/article/new/20151109/728969/,,
世新大學,11/8/2015,1068,3,42.3,21.7,8.4,27.6,national,14th,http://news.ltn.com.tw/news/politics/breakingnews/1505079,,
決策,11/8/2015,1014,,48.6,21.4,8.3,21.7,national,14th,http://news.ltn.com.tw/news/politics/breakingnews/1502394,,
TVBS,11/8/2015,,,43,27,9,21,national,14th,http://www.tvbs.com.tw/export/sites/tvbs/file/other/poll-center/0411081-.pdf,,
蘋果日報,11/8/2015,511,,48.33,33.01,6.88,11.78,national,14th,http://www.appledaily.com.tw/appledaily/article/headline/20151109/36889287/,,
台灣指標,11/10/2015,1004,3.1,46.2,20.4,10.4,23,national,14th,http://www.tisr.com.tw/?p=6100#more-6100,,
國民黨,11/14/2015,,,41,28,10,21,national,14th,http://udn.com/news/story/1/1321025,,
趨勢,11/14/2015,1108,2.9,48.4,20.4,9.3,21.9,national,14th,http://www.braintrust.tw/userfiles/files/20151118.pdf,,
TVBS,11/19/2015,946,,46,28,10,16,national,14th,http://www.tvbs.com.tw/export/sites/tvbs/file/other/poll-center/0411181.pdf,,
趨勢,11/21/2015,,,44.3,16.1,9.7,29.9,national,14th,http://www.setn.com/News.aspx?NewsID=107853,,
自由時報,11/25/2015,,,47.86,13.87,6.89,31.38,national,14th,http://news.ltn.com.tw/news/focus/paper/935535,,
台灣指標,11/25/2015,1006,,44.8,19.1,11.8,24.3,national,14th,http://www.tisr.com.tw/?p=6158#more-6158,,
趨勢,11/26/2015,1068,3,48.2,19.4,11.6,20.8,national,14th,http://www.taiwanthinktank.org/page/chinese_attachment_1/3063/1511___________________151127V1.2.pdf,,
聯合報,11/27/2015,850,,46,19,9,27,national,14th,http://udn.com/news/story/7741/1343309,,
世新大學,11/27/2015,1073,,44.5,18.4,6.8,30.3,national,14th,http://www.appledaily.com.tw/realtimenews/article/new/20151130/742959/,,
台灣蓋洛普,12/2/2015,1067,3,42.1,15.9,7.8,34.3,national,14th,http://www.appledaily.com.tw/realtimenews/article/new/20151208/748597/,,
趨勢,12/5/2015,937,,44.9,15.7,13.7,25.7,national,14th,http://www.setn.com/News.aspx?NewsID=110606,,
決策,12/7/2015,1076,2.99,52.6,20.1,9.2,18.1,national,14th,http://www.nownews.com/n/2015/12/08/1912491,,
全國意向,12/8/2015,998,,41.6,25.8,9.9,22.7,national,14th,http://www.rti.org.tw/m/news/detail/?recordId=239278,,
壹電視,12/9/2015,1032,,41.1,16.6,9.8,32.5,national,14th,http://www.nexttv.com.tw/news/realtime/politics/11452434/,,
台灣指標,12/11/2015,1005,,46.1,16.1,9.1,28.7,national,14th,http://www.tisr.com.tw/?p=6225#more-6225,,
國民黨,12/12/2015,1070,2.99,39,29.7,13,18,national,14th,http://www.ettoday.net/news/20151214/613041.htm,,
TVBS,12/13/2015,996,,45,22,10,23,national,14th,http://www.tvbs.com.tw/export/sites/tvbs/file/other/poll-center/0412111-2016.pdf,,
世新大學,12/13/2015,1068,,43.2,20,7.8,29,national,14th,http://www.appledaily.com.tw/appledaily/article/headline/20151216/36956675/,,
全國意向,12/13/2015,1069,,41.2,29.1,8.4,21.2,national,14th,http://news.101media.com.tw/news/18515,,
自由時報,12/16/2015,1041,,47.55,14.22,7.2,31.03,national,14th,http://news.ltn.com.tw/news/focus/paper/941322,,
壹電視,12/16/2015,,,42.4,16.2,11.4,30,national,14th,http://www.nexttv.com.tw/news/realtime/politics/11457329/,,
全國意向,12/20/2015,1069,,40.4,30.9,8.7,20,national,14th,http://www.cna.com.tw/news/aipl/201512220282-1.aspx,,
TVBS,12/20/2015,1031,,46,26,10,17,national,14th,http://www.tvbs.com.tw/export/sites/tvbs/file/other/poll-center/0412181.pdf,,
壹電視,12/23/2015,1069,,41.3,16.2,9.5,33,national,14th,http://www.nexttv.com.tw/news/realtime/politics/11462115/,,
TVBS,12/26/2015,857,,46,23,10,21,national,14th,http://www.tvbs.com.tw/export/sites/tvbs/file/other/poll-center/0412262.pdf,,
聯合報,12/26/2015,903,,41,19,10,30,national,14th,http://udn.com/news/story/9199/1403701,,
趨勢,12/26/2015,1069,3,51.1,17.1,12.9,18.9,national,14th,http://www.braintrust.tw/userfiles/files/20151230.pdf,,
TVBS,12/27/2015,910,,40,24,14,22,national,14th,http://www.tvbs.com.tw/export/sites/tvbs/file/other/poll-center/0412271.pdf,,
聯合報,12/27/2015,1015,,39,19,12,30,national,14th,http://udn.com/news/story/7741/1405356/,,
典通,12/28/2015,,,39.6,16,11.3,33.1,national,14th,http://www.dataa.com.tw/wp-content/uploads/2016/01/新聞稿附件1-調查數據highlight.xls,,
台灣指標,12/28/2015,1002,3.1,45,20,15,20,national,14th,https://www.youtube.com/watch?v=JB0v1zEWMRU,,
決策,12/28/2015,1210,2.82,45.1,22.1,13.6,19.2,national,14th,http://www.setn.com/News.aspx?NewsID=115103,,
趨勢,12/28/2015,1085,3,44.4,20.4,14.2,21,national,14th,http://www.taiwanthinktank.org/page/chinese_attachment_1/3074/1512___________________V2.pdf,,
趨勢,12/28/2015,913,3.3,45.2,20.4,14.6,19.8,national,14th,http://www.setn.com/News.aspx?NewsID=115528,,
台灣指標,12/29/2015,1002,,40.1,17.5,16.8,25.7,national,14th,http://www.tisr.com.tw/?p=6266#more-6266,,
壹電視,12/30/2015,1073,,42.9,17.7,9.4,30.1,national,14th,http://www.nexttv.com.tw/news/realtime/politics/11467300/,,
全國意向,1/2/2016,876,3.31,39.2,31.2,10.7,18.9,national,14th,http://www.nownews.com/n/2016/01/04/1946418,,
TVBS,1/2/2016,978,,44,24,15,18,national,14th,http://www.tvbs.com.tw/export/sites/tvbs/file/other/poll-center/0501021.pdf,,
世新大學,1/2/2016,1069,3,42.1,21.4,13.5,23,national,14th,http://www.appledaily.com.tw/appledaily/article/headline/20160104/36991975/,,
壹電視,1/3/2016,1076,3,38.7,16.4,13.7,31.2,national,14th,http://www.nexttv.com.tw/news/realtime/politics/11469879/,,
趨勢,1/3/2016,800,3.5,42.8,17.9,11.5,27.8,national,14th,http://www.setn.com/News.aspx?NewsID=116284,,
決策,1/3/2016,1052,3.02,45.2,16.3,16.1,22.9,national,14th,http://newtalk.tw/news/view/2016-01-05/68799,,
典通,1/4/2016,1091,3,38.4,16.8,13.6,31.2,national,14th,http://www.dataa.com.tw/wp-content/uploads/2016/01/新聞稿附件1-調查數據highlight.xls,,
自由時報,1/4/2016,1088,2.97,47.98,14.8,10.29,26.93,national,14th,http://news.ltn.com.tw/news/focus/paper/946407,,
TVBS,1/4/2016,1185,2.9,43,25,15,17,national,14th,http://www.tvbs.com.tw/export/sites/tvbs/file/other/poll-center/0501031.pdf,,
TVBS,1/14/2016,991,3.1,43,24,16,18,national,14th,http://news.tvbs.com.tw/politics/news-635315/,,
精湛,11/20/2015,,,46.2,27.4,7.1,19.3,臺北市第三選舉區,14th,https://www.facebook.com/xiao.s.feng/posts/1283241141691900,,
台灣指標,12/25/2015,,,43.8,19.7,11.8,24.7,臺北市第五選舉區,14th,http://news.ltn.com.tw/news/politics/breakingnews/1555025,,
TVBS,10/15/2015,,,47,31,14,7,新北市,14th,http://www.tvbs.com.tw/export/sites/tvbs/file/other/poll-center/0410131.pdf,,
壹電視,12/28/2015,,,45.5,18.8,12.6,23.1,新北市第一選舉區,14th,https://www.youtube.com/watch?v=pXzidLslPnY,,
壹電視,10/21/2015,,,49.8,20.9,8.1,21.2,新北市第六選舉區,14th,https://www.youtube.com/watch?v=lc1SD0tOkGE,,
決策,11/15/2015,,,39.4,28.3,7.7,24.6,桃園市第三選舉區,14th,https://www.facebook.com/hauyu.wang/videos/vb.1775451270/10201374871331831/?type=2&theater,,
山水,10/20/2015,,,46.7,21,12.9,19.4,新竹市,14th,http://www.storm.mg/article/69984,,
年代,11/8/2015,,,48,21.5,14.6,16.9,新竹市,14th,https://drive.google.com/file/d/0B1oKoW1dXSfiVGoxNml3aWJ3SWc/view?pref=2&pli=1,,
年代,11/24/2015,,,46.7,21.6,13.5,18.2,新竹市,14th,https://drive.google.com/file/d/0B1oKoW1dXSfiVGoxNml3aWJ3SWc/view?pref=2&pli=1,,
年代,12/7/2015,,,47.7,21,12.1,19.1,新竹市,14th,https://drive.google.com/file/d/0B1oKoW1dXSfiVGoxNml3aWJ3SWc/view?pref=2&pli=1,,
山水,12/15/2015,,,47.7,19.6,13.9,18.7,新竹市,14th,https://drive.google.com/file/d/0B1oKoW1dXSfidXhhVVJ2a0VzVEk/view?pref=2&pli=1,,
年代,12/21/2015,,,46.2,18.7,15.7,19.4,新竹市,14th,https://drive.google.com/file/d/0B1oKoW1dXSfiVGoxNml3aWJ3SWc/view?pref=2&pli=1,,
山水,12/17/2015,,,32.1,26.1,13.6,28.2,苗栗縣第二選舉區,14th,http://news.ltn.com.tw/news/politics/breakingnews/1561308,,
國民黨,10/15/2015,,,41.4,12.8,8.4,37.4,臺中市,14th,http://news.ltn.com.tw/news/focus/paper/923884,,
壹電視,12/28/2015,,,40.2,13.7,19.1,27,臺中市第二選舉區,14th,https://www.youtube.com/watch?v=pXzidLslPnY,,
壹電視,12/28/2015,,,51.4,15,13.6,20,屏東縣第二選舉區,14th,https://www.youtube.com/watch?v=pXzidLslPnY,,
趨勢,12/9/2015,,,50.3,17.8,12.7,19.2,金門縣,14th,http://www.nownews.com/n/2015/12/25/1935263,,
年代,7/9/2011,1075,2.99,33.9,35.8,8.6,21.6,national,13th,http://survey.eracom.com.tw/file/productimages25/110708-2012%E7%B8%BD%E7%B5%B1%E9%81%B8%E6%83%85%E6%B0%91%E8%AA%BF.pdf,,
趨勢,7/17/2011,1126,3,32.3,35.8,10,21.9,national,13th,http://www.new7.com.tw/NewsView.aspx?t=09&i=TXT20110723125122KQ5,,
TVBS,7/21/2011,1626,2.4,36,38,13,12,national,13th,http://www1.tvbs.com.tw/FILE_DB/PCH/201107/0zy0wlh44l.pdf,,
中國時報,8/3/2011,,,28.6,33,10.3,28,national,13th,http://blog.chinatimes.com/apollo/archive/2011/08/05/827755.html,,
年代,8/5/2011,1054,3.02,27.7,29.3,15.4,27.6,national,13th,http://survey.eracom.com.tw/file/productimages25/110803-2012%E7%B8%BD%E7%B5%B1%E9%81%B8%E6%83%85%E6%B0%91%E8%AA%BF.pdf,,
蘋果日報,8/12/2011,,,27.82,38.82,18.95,14.41,national,13th,http://tw.nextmedia.com/applenews/article/art_id/33596886/IssueID/20110814,,
聯合報,8/14/2011,2014,2.2,31,38,15,16,national,13th,http://www.nownews.com/2011/08/15/301-2735265.htm#ixzz1V5ZGNEP6,,
TVBS,8/15/2011,1234,2.8,35,39,16,9,national,13th,http://www1.tvbs.com.tw/FILE_DB/PCH/201108/brrtf4y454.pdf,,
遠見,8/16/2011,,,33.9,35.1,14,17,national,13th,http://www.gvsrc.net.tw/dispPageBox/GVSRCCP.aspx?ddsPageID=POLITICS&&dbid=3852962941,,
趨勢,8/24/2011,1073,3,31.9,37.2,16.7,14.2,national,13th,http://www.new7.com.tw/NewsView.aspx?t=09&i=TXT20110826095239J95,,
TVBS,8/30/2011,,,32,40,17,12,national,13th,http://www1.tvbs.com.tw/FILE_DB/PCH/201108/mcq69ajqc7.pdf,,
山水,8/31/2011,1641,2.42,32.4,33.1,12.7,21.8,national,13th,http://www.nownews.com/2011/09/04/301-2740224.htm,,
年代,9/3/2011,,,28.6,35.2,14.3,21.9,national,13th,http://survey.eracom.com.tw/file/productimages25/110803-2012%E7%B8%BD%E7%B5%B1%E9%81%B8%E6%83%85%E6%B0%91%E8%AA%BF.pdf,,
自由時報,9/7/2011,,,28.23,31.46,14.68,25.63,national,13th,http://www.libertytimes.com.tw/2011/new/sep/8/today-fo1.htm,,
展欣科技,9/8/2011,,,40.89,41.38,17.73,0,national,13th,http://www.i-tel.com.tw/vivi/election/electionarea-0912.htm,,
中國時報,9/9/2011,,,31.5,38.8,13.6,16.1,national,13th,http://blog.chinatimes.com/apollo/archive/2011/09/13/933590.html,,
TVBS,9/14/2011,,,34,42,14,10,national,13th,http://www1.tvbs.com.tw/FILE_DB/PCH/201109/b1fzcnqxq9.pdf,,
聯合報,9/14/2011,,,32,40,13,14,national,13th,http://udn.com/NEWS/NATIONAL/NATS3/6598475.shtml,,
自由時報,9/16/2011,,,31.61,31.61,13.44,23.34,national,13th,http://www.libertytimes.com.tw/2011/new/sep/17/today-fo1.htm,,
山水,9/16/2011,,,27.9,33.4,11.4,27.4,national,13th,http://www.nownews.com/2011/09/17/301-2742820.htm,,
蘋果日報,9/17/2011,,,29.64,39.7,16.21,14.45,national,13th,http://tw.nextmedia.com/applenews/article/art_id/33678052/IssueID/20110919,,
年代,9/17/2011,,,28.5,36.3,11.2,24.1,national,13th,http://survey.eracom.com.tw/file/productimages25/110916-2012%E7%B8%BD%E7%B5%B1%E9%81%B8%E6%83%85%E6%B0%91%E8%AA%BF.pdf,,
中國時報,9/18/2011,,,32,39,11,18,national,13th,http://news.chinatimes.com/focus/50109625/112011092100079.html,,
遠見,9/19/2011,,,36,35.8,10,18.2,national,13th,http://www.gvsrc.net.tw/dispPageBox/GVSRCCP.aspx?ddsPageID=NEWS&&dbid=3470362989,,
民進黨,9/19/2011,,,37.4,36.2,12.4,14,national,13th,http://libertytimes.com.tw/2011/new/sep/22/today-fo1-2.htm,,
TVBS,9/20/2011,,,32,43,14,11,national,13th,http://www1.tvbs.com.tw/FILE_DB/PCH/201109/vnm3uwi9t8.pdf,,
TVBS,9/22/2011,,,32,42,15,11,national,13th,http://www1.tvbs.com.tw/FILE_DB/PCH/201109/6hpvu8fxdn.pdf,,
TVBS,9/28/2011,,,33,40,14,13,national,13th,http://www1.tvbs.com.tw/FILE_DB/PCH/201109/sltjk784p4.pdf,,
山水,9/28/2011,,,29.8,33.6,11.5,16.9,national,13th,http://tw.nextmedia.com/rnews/article/SecID/101/art_id/78078/IssueID/20111002,,
趨勢,9/28/2011,,,28.4,36.2,9.7,25.7,national,13th,http://www.new7.com.tw/NewsView.aspx?t=09&i=TXT20111012145100C9J,,
中國時報,10/2/2011,,,36,39.5,11.7,12.8,national,13th,http://www.youtube.com/watch?v=wrIAejaC7x8,,
中國時報,10/3/2011,,,34.7,38.7,11.1,15.5,national,13th,http://www.youtube.com/watch?v=-57zsUQQwNQ,,
中國時報,10/4/2011,,,35.1,38.5,12.1,14.3,national,13th,http://www.youtube.com/watch?v=aWgzeyc7Ao4,,
中國時報,10/5/2011,,,33.5,38.4,12.8,15.3,national,13th,http://www.youtube.com/watch?v=aWgzeyc7Ao4,,
中國時報,10/6/2011,,,32.2,37.5,13.7,16.6,national,13th,http://www.youtube.com/watch?v=y6XDTJ2wpAM,,
精湛,10/6/2011,,,36.1,37.3,12.6,13.9,national,13th,http://www.taiwanthinktank.org/page/chinese_attachment_1/2233/20111008.pdf,,
TVBS,10/6/2011,,,35,40,13,13,national,13th,http://www1.tvbs.com.tw/FILE_DB/PCH/201111/3w2bz4be08.pdf,,
中國時報,10/7/2011,,,31.7,37.5,13.6,17.2,national,13th,http://www.youtube.com/watch?v=OijM5oiEs5k,,
中國時報,10/8/2011,,,31.9,37.7,13.2,17.2,national,13th,http://www.youtube.com/watch?v=OijM5oiEs5k,,
趨勢,10/8/2011,,,28.4,36.2,9.7,25.7,national,13th,http://mag.chinatimes.com/mag-cnt.aspx?artid=10374&page=1,,
中國時報,10/9/2011,,,31.6,37.9,13.4,17.1,national,13th,http://www.youtube.com/watch?v=OijM5oiEs5k,,
中國時報,10/10/2011,,,30.6,38,13.2,18.2,national,13th,http://www.youtube.com/watch?v=QLxNH7diuOw,,
中國時報,10/11/2011,,,31.4,38.9,12,17.7,national,13th,http://www.youtube.com/watch?v=t5gjRAUWI0E,,
山水,10/12/2011,,,30.5,37,13.3,19.2,national,13th,http://www.nownews.com/2011/10/13/11754-2748928.htm,,
中國時報,10/12/2011,,,31,40,11.4,17.6,national,13th,http://www.youtube.com/watch?v=nY7MZicSu1g,,
TVBS,10/12/2011,,,34,38,15,13,national,13th,http://www1.tvbs.com.tw/FILE_DB/PCH/201111/bz6y8n00b8.pdf,,
中國時報,10/13/2011,,,30.3,39.7,12.6,17.4,national,13th,http://www.youtube.com/watch?v=NQtg8e3tEFQ,,
中國時報,10/14/2011,,,31.4,39,11.7,17.9,national,13th,http://www.youtube.com/watch?v=3A99Eh2Df4c,,
聯合報,10/15/2011,,,32,43,11,14,national,13th,http://udn.com/NEWS/NATIONAL/NATS5/6656293.shtml,,
中國時報,10/15/2011,,,32.7,39.5,11.3,16.5,national,13th,http://www.youtube.com/watch?v=3A99Eh2Df4c,,
北市教大,10/15/2011,,,26.4,34,10.2,29.4,national,13th,http://tw.nextmedia.com/applenews/article/art_id/33746722/IssueID/20111018,,
中國時報,10/16/2011,,,32.5,39.9,10.3,17.3,national,13th,http://www.youtube.com/watch?v=3A99Eh2Df4c,,
中國時報,10/17/2011,,,32.4,40.9,11,15.7,national,13th,http://camera.chinatimes.com/PhotoView.aspx?fid=16156&pid=203668,,
中國時報,10/18/2011,,,33.7,42,9.4,14.9,national,13th,http://www.youtube.com/watch?v=z1DaFLtj8IE,,
中國時報,10/19/2011,,,33.7,43.7,9.1,13.5,national,13th,http://www.youtube.com/watch?v=SgvLWfe79-I,,
中國時報,10/20/2011,,,34.8,42,9.3,13.8,national,13th,http://www.youtube.com/watch?v=FDzZu4otzFc,,
TVBS,10/20/2011,,,35,43,12,10,national,13th,http://www1.tvbs.com.tw/FILE_DB/PCH/201111/601g8g6ad1.pdf,,
展欣科技,10/21/2011,,,42.95,43.72,13.33,0,national,13th,http://www.i-tel.com.tw/vivi/election/electionarea-1021.htm,,
中國時報,10/21/2011,,,35.1,42.3,9.7,12.9,national,13th,http://www.youtube.com/watch?v=biUSJ0tBG1A,,
中國時報,10/22/2011,,,35.8,42.3,9.4,12.5,national,13th,http://www.youtube.com/watch?v=biUSJ0tBG1A,,
中國時報,10/23/2011,,,36.3,41.6,10.6,11.5,national,13th,http://www.youtube.com/watch?v=biUSJ0tBG1A,,
中國時報,10/24/2011,,,36.9,40.6,10.6,11.9,national,13th,http://www.youtube.com/watch?v=6mblJvrvHAo,,
中國時報,10/25/2011,,,37,42.1,10.1,10.8,national,13th,http://www.youtube.com/watch?v=VucxAihGlMk,,
自由時報,10/26/2011,,,30.28,31.91,11.13,26.67,national,13th,http://libertytimes.com.tw/2011/new/oct/27/today-fo2.htm,,
TVBS,10/26/2011,,,33,42,13,12,national,13th,http://www1.tvbs.com.tw/FILE_DB/PCH/201111/1ahdn0afk7.pdf,,
中國時報,10/26/2011,,,37.5,42.1,9.5,10.9,national,13th,http://www.youtube.com/watch?v=uo9ZGaaSjxk,,
中國時報,10/27/2011,,,37.4,42.2,8.5,11.9,national,13th,http://www.youtube.com/watch?v=uWun2eqLYgM,,
中國時報,10/28/2011,,,38,41.3,8.3,12.4,national,13th,http://www.youtube.com/watch?v=s2AqK3Ii7wY,,
中國時報,10/29/2011,,,37,42.1,9.3,11.6,national,13th,http://www.youtube.com/watch?v=s2AqK3Ii7wY,,
決策,10/29/2011,,,35.9,32.2,13.7,18.2,national,13th,http://newtalk.tw/news_read.php?oid=19153,,
中國時報,10/30/2011,,,37.1,41.3,10,11.6,national,13th,http://www.youtube.com/watch?v=s2AqK3Ii7wY,,
中國時報,10/31/2011,,,36,41.8,10.4,11.8,national,13th,http://www.youtube.com/watch?v=cBSrmghXJ74,,
TVBS,10/31/2011,,,33,39,9,20,national,13th,http://www1.tvbs.com.tw/FILE_DB/PCH/201111/vnlt01ljl7.pdf,,
中國時報,11/1/2011,,,35.8,41.3,11,11.9,national,13th,http://www.youtube.com/watch?v=7x3WSooGb7Q,,
中國時報,11/2/2011,,,33.8,42,11.4,12.8,national,13th,http://www.youtube.com/watch?v=xqmmZqWjkno,,
山水,11/2/2011,,,30.7,38,9.7,21.6,national,13th,http://news.rti.org.tw/index_newsContent.aspx?nid=326240,,
TVBS,11/3/2011,,,35,38,14,13,national,13th,http://www1.tvbs.com.tw/FILE_DB/PCH/201111/pekqbt0oh2.pdf,,
中國時報,11/3/2011,,,35.3,41.2,11.3,12.2,national,13th,http://www.youtube.com/watch?v=Q55nWhTIaNg,,
精湛,11/4/2011,,,38.6,39.5,12.9,9.1,national,13th,http://www.taiwanthinktank.org/page/chinese_attachment_1/2276/2011_1105_all.pdf,,
中國時報,11/4/2011,,,35.6,42,10.6,11.8,national,13th,http://www.youtube.com/watch?v=ZyU3hCY8Mbc,,
中國時報,11/5/2011,,,37.3,41.4,10.1,11.2,national,13th,http://www.youtube.com/watch?v=ZyU3hCY8Mbc,,
中國時報,11/6/2011,,,38.2,41.7,10.4,9.7,national,13th,http://www.youtube.com/watch?v=TpRXlogYSgg,,
台灣蓋洛普,11/6/2011,,,25.6,32.4,8.2,33.8,national,13th,http://www.libertytimes.com.tw/2011/new/nov/11/today-fo4.htm,,
山水,11/7/2011,,,33.2,35,13.1,18.7,national,13th,http://www.nownews.com/2011/11/08/301-2755831.htm,,
中國時報,11/7/2011,,,39.1,42.3,9.7,8.9,national,13th,http://www.youtube.com/watch?v=TpRXlogYSgg,,
中國時報,11/8/2011,,,39.3,42,9.3,9.4,national,13th,http://www.youtube.com/watch?v=BuWNyQKq708,,
自由時報,11/9/2011,,,32.97,33.58,11.17,22.27,national,13th,http://www.libertytimes.com.tw/2011/new/nov/10/today-fo1.htm,,
中國時報,11/9/2011,,,38.5,41.4,10.3,9.8,national,13th,http://www.youtube.com/watch?v=BuWNyQKq708,,
TVBS,11/10/2011,,,38,39,9,14,national,13th,http://www1.tvbs.com.tw/FILE_DB/PCH/201111/flstnt7y45.pdf,,
中國時報,11/10/2011,,,38.1,41.6,10.7,9.6,national,13th,http://www.youtube.com/watch?v=BuWNyQKq708,,
中國時報,11/11/2011,,,38.3,41.6,9.5,10.6,national,13th,http://www.youtube.com/watch?v=FgNgPeMVrws,,
聯合報,11/12/2011,,,36,41,9,13,national,13th,http://udn.com/NEWS/NATIONAL/NATS5/6714516.shtml,,
中國時報,11/14/2011,,,39,41.2,9.4,10.4,national,13th,http://www.youtube.com/watch?v=ER4QF4UdrZA,,
中國時報,11/15/2011,,,38.1,42.4,9.5,10,national,13th,http://www.youtube.com/watch?v=MAsJNzAhSdo,,
TVBS,11/16/2011,,,39,39,9,12,national,13th,http://www1.tvbs.com.tw/FILE_DB/PCH/201111/v31gui8rzn.pdf,,
中國時報,11/16/2011,,,37.9,43.3,9.1,9.7,national,13th,http://www.youtube.com/watch?v=ukatkaLt-Zk,,
中國時報,11/17/2011,,,37.6,43.4,9.4,9.6,national,13th,http://www.youtube.com/watch?v=Hm-EOC9xuAk,,
北市教大,11/18/2011,,,30.2,37.2,7.7,24.9,national,13th,http://tw.nextmedia.com/applenews/article/art_id/33830841/IssueID/20111121,,
中國時報,11/18/2011,,,37.6,43.2,10,9.2,national,13th,http://www.youtube.com/watch?v=uHBR3bXQe30,,
精湛,11/18/2011,,,39.6,38.7,11.7,10,national,13th,http://www.taiwanthinktank.org/page/chinese_attachment_4/2282/20111102_3.pdf,,
決策,11/20/2011,,,40.1,33.5,11.2,15.2,national,13th,http://newtalk.tw/news_read.php?oid=19749,,
中國時報,11/21/2011,,,36.8,44.7,9.7,8.8,national,13th,http://www.youtube.com/watch?v=LUlJpeempSE,,
中國時報,11/22/2011,,,38.7,43.6,9.8,7.9,national,13th,http://www.youtube.com/watch?v=AtNOvWxBh6Q,,
自由時報,11/23/2011,,,35.79,33.39,9.8,21.02,national,13th,http://www.libertytimes.com.tw/2011/new/nov/24/today-fo3.htm,,
山水,11/23/2011,,,35.8,39,9.9,14.8,national,13th,http://www.nownews.com/2011/11/24/11755-2760512.htm,,
中國時報,11/23/2011,,,39.8,42,9.4,8.8,national,13th,http://www.youtube.com/watch?v=OLsvXimwqwM,,
TVBS,11/23/2011,,,38,40,7,15,national,13th,http://www1.tvbs.com.tw/FILE_DB/PCH/201111/e67bk3ep1a.pdf,,
中國時報,11/24/2011,,,40.3,40.7,10.3,8.7,national,13th,http://www.youtube.com/watch?v=TXLkO6267Lc,,
中國時報,11/25/2011,,,39.2,42.6,9.3,8.9,national,13th,http://www.youtube.com/watch?v=svcBOdtDRic,,
聯合報,11/27/2011,,,35,41,10,14,national,13th,http://udn.com/NEWS/NATIONAL/NATS3/6748188.shtml,,
中國時報,11/28/2011,,,37.6,42.7,9.5,10.2,national,13th,http://www.youtube.com/watch?v=dKavlIDKobg,,
中國時報,11/29/2011,,,35.2,43,8.4,13.4,national,13th,http://www.youtube.com/watch?v=RAQOGvNeMUI,,
中國時報,11/30/2011,,,35.1,41.8,8.3,14.8,national,13th,http://www.youtube.com/watch?v=Ab5My2PGHks,,
山水,11/30/2011,,,32.1,36.7,10,21.2,national,13th,http://www.tapod.org/research1.asp?rNo=28,,
TVBS,12/1/2011,,,34,40,7,19,national,13th,http://www1.tvbs.com.tw/FILE_DB/PCH/201112/07q7090so3.pdf,,
中國時報,12/2/2011,,,36.1,43.5,7,13.4,national,13th,http://www.youtube.com/watch?v=1JV1gwKYYBQ,,
中國時報,12/2/2011,,,37.5,43.4,7.7,11.4,national,13th,http://www.youtube.com/watch?v=3T5chX75dH4,,
TVBS,12/3/2011,,,32,38,12,18,national,13th,http://www1.tvbs.com.tw/FILE_DB/PCH/201112/neijdxzcud.pdf,,
聯合報,12/3/2011,,,32,39,10,17,national,13th,http://udn.com/NEWS/NATIONAL/NATS1/6759443.shtml,,
蘋果日報,12/3/2011,,,36.9,47.04,12.11,3.95,national,13th,http://tw.nextmedia.com/applenews/article/art_id/33863098/IssueID/20111204,,
中國時報,12/3/2011,,,32.6,39.9,8.9,18.6,national,13th,http://www.youtube.com/watch?v=3T5chX75dH4,,
山水,12/5/2011,,,32.9,39,7,21.2,national,13th,http://www.nownews.com/2011/12/06/10844-2763927.htm,,
中國時報,12/5/2011,,,37.2,43.7,8.3,10.8,national,13th,http://www.youtube.com/watch?v=6qm34ZsbZjM,,
世新大學,12/5/2011,,,28.6,33.9,8.3,30.7,national,13th,http://mag.udn.com/mag/newsstand/storypage.jsp?f_MAIN_ID=76&f_SUB_ID=412&f_ART_ID=359020,,
中國時報,12/6/2011,,,36.9,42,9.8,11.3,national,13th,http://www.youtube.com/watch?v=y74mNqX657Y,,
中國時報,12/7/2011,,,36.3,43.2,9,11.5,national,13th,http://www.youtube.com/watch?v=I4VvMgOljyQ,,
TVBS,12/7/2011,,,37,41,8,14,national,13th,http://www1.tvbs.com.tw/FILE_DB/PCH/201112/h35ncmhup1.pdf,,
北市教大,12/7/2011,,,27.7,35.5,7.2,29.6,national,13th,http://tw.nextmedia.com/applenews/article/art_id/33878451/IssueID/20111210,,
精湛,12/8/2011,,,35.9,35.4,10.8,17.9,national,13th,http://www.taiwanthinktank.org/page/chinese_attachment_2/2299/2011_1209_1.pdf,,
中國時報,12/8/2011,,,35.9,43.9,8.9,11.3,national,13th,http://www.youtube.com/watch?v=jLq9q-JnjLI,,
中國時報,12/9/2011,,,36.4,43.2,8.7,11.7,national,13th,http://www.youtube.com/watch?v=t12JPVJL40o,,
TVBS,12/10/2011,,,39,39,6,16,national,13th,http://www1.tvbs.com.tw/FILE_DB/PCH/201112/7j2bt7844x.pdf,,
中國時報,12/10/2011,,,35.1,42.7,7.1,15.1,national,13th,http://www.youtube.com/watch?v=t12JPVJL40o,,
聯合報,12/10/2011,,,33,40,10,16,national,13th,http://udn.com/NEWS/NATIONAL/NAT2/6774026.shtml,,
聯合報,12/12/2011,,,35,42,10,13,national,13th,http://udn.com/NEWS/NATIONAL/NATS3/6780162.shtml,,
中國時報,12/12/2011,,,36.8,41.3,8.4,13.5,national,13th,http://www.youtube.com/watch?v=IPgFUX-L1yo,,
山水,12/12/2011,,,36,36.3,5.9,20.1,national,13th,http://www.new7.com.tw/NewsView.aspx?i=TXT20111214154038G9B,,
中國時報,12/13/2011,,,39.1,40.1,8,12.8,national,13th,http://www.youtube.com/watch?v=wi3-_UgAKSs,,
TVBS,12/14/2011,,,38,40,7,15,national,13th,http://www1.tvbs.com.tw/FILE_DB/PCH/201112/4txho4l1yh.pdf,,
中國時報,12/14/2011,,,38.7,39.7,8.2,13.4,national,13th,http://www.youtube.com/watch?v=jACGgewRM7c,,
自由時報,12/15/2011,,,33.26,34.5,10.81,21.43,national,13th,http://www.libertytimes.com.tw/2011/new/dec/16/today-p1.htm,,
中國時報,12/15/2011,,,37.1,41.8,8.2,13.8,national,13th,http://www.youtube.com/watch?v=I5wpcLa3Uek,,
中國時報,12/16/2011,,,36.7,41.8,8.2,14.2,national,13th,http://www.youtube.com/watch?v=GsxEOYAddLI,,
TVBS,12/17/2011,,,36,40,7,17,national,13th,http://www1.tvbs.com.tw/FILE_DB/PCH/201112/o4x5p7ztex.pdf,,
中國時報,12/17/2011,,,37.7,38.5,7.7,16,national,13th,http://news.chinatimes.com/focus/501010166/112011121800089.html,,
聯合報,12/17/2011,,,33,41,10,15,national,13th,http://udn.com/NEWS/NATIONAL/NAT4/6788645.shtml,,
中國時報,12/19/2011,,,37.3,41.9,7.2,13.6,national,13th,http://www.youtube.com/watch?v=7BvttwfkZNQ,,
山水,12/19/2011,,,33.4,36.5,8.5,21.6,national,13th,http://www.new7.com.tw/SNewsView.aspx?Key=%e6%b0%91%e8%aa%bf&i=TXT20111221154113MPH&p=,,
中國時報,12/20/2011,,,36.8,42.2,7.4,13.6,national,13th,http://www.youtube.com/watch?v=Fbz-ZctSok4,,
中國時報,12/21/2011,,,37.1,42.3,6.6,14,national,13th,http://www.youtube.com/watch?v=lPtozrQlPDk,,
北市教大,12/21/2011,,,32.2,40.2,5.5,22.1,national,13th,http://tw.nextmedia.com/applenews/article/art_id/33910691/IssueID/20111224,,
中國時報,12/22/2011,,,36,42.3,7,14.7,national,13th,http://zh-tw.facebook.com/media/set/?set=a.240721949309028.58611.240275342687022&type=3,,
自由時報,12/22/2011,,,35.05,35.77,9.7,19.48,national,13th,http://www.libertytimes.com.tw/2011/new/dec/23/today-fo5.htm,,
TVBS,12/22/2011,,,35,41,8,16,national,13th,http://www1.tvbs.com.tw/FILE_DB/PCH/201112/v4l19zlp87.pd,,
中國時報,12/23/2011,,,36.2,42.2,6.8,14.8,national,13th,http://zh-tw.facebook.com/media/set/?set=a.240721949309028.58611.240275342687022&type=3,,
精湛,12/24/2011,,,39.1,39.5,11.1,10.3,national,13th,http://www.nownews.com/2011/12/26/91-2770006.htm,,
決策,12/24/2011,,,40.4,38.3,7.3,14,national,13th,http://www.nownews.com/2011/12/29/11754-2771125.htm,,
中國時報,12/26/2011,,,37.1,41.3,7.5,14.1,national,13th,http://www.youtube.com/watch?v=bz4rv6ZI2sE,,
中國時報,12/26/2011,,,36.8,41.6,6.8,14.8,national,13th,http://www.youtube.com/watch?v=bz4rv6ZI2sE,,
觀察家,12/26/2011,,,29,33.3,7,30.7,national,13th,http://www.new7.com.tw/SNewsView.aspx?Key=%e6%b0%91%e8%aa%bf&i=TXT20111228151742HHH&p=,,
TVBS,12/27/2011,,,38,44,6,12,national,13th,http://www1.tvbs.com.tw/FILE_DB/PCH/201112/gd20na7q2m.pdf,,
中國時報,12/27/2011,,,38,40.7,7.7,13.6,national,13th,http://www.youtube.com/watch?v=LyJ9lOCe0ic,,
中國時報,12/28/2011,,,38.5,41.3,6.6,13.6,national,13th,http://www.youtube.com/watch?v=U-AZs5Gd2eY,,
TVBS,12/29/2011,,,35,44,7,13,national,13th,http://www1.tvbs.com.tw/FILE_DB/PCH/201112/35go8xiggh.pdf,,
山水,12/29/2011,,,31.5,37.6,6.6,24.4,national,13th,http://www.nownews.com/2011/12/30/11755-2771414.htm,,
山水,12/30/2011,,,32.6,35.9,7.3,24.4,national,13th,http://www.nownews.com/2011/12/31/91-2771816.htm,,
北市教大,12/30/2011,,,35.7,42.2,6.2,15.9,national,13th,http://tw.nextmedia.com/applenews/article/art_id/33930685/IssueID/20120102,,
山水,12/31/2011,,,33.3,37.1,6.9,22.7,national,13th,http://www.nownews.com/2012/01/01/301-2772006.htm,,
精湛,12/31/2011,,,37.8,38.8,11.6,11.8,national,13th,http://www.taiwanthinktank.org/chinese/page/5/71/2325/0,,
山水,1/1/2012,,,33.1,37.2,7.2,22.5,national,13th,http://www.nownews.com/2012/01/02/301-2772159.htm,,
聯合報,1/2/2012,,,36,44,7,13,national,13th,http://udn.com/NEWS/NATIONAL/NATS4/6820676.shtml,,
中國時報,1/2/2012,,,36.5,39.5,5.8,18.2,national,13th,http://news.chinatimes.com/focus/11050105/112012010300086.html,,
山水,1/2/2012,,,33.1,37.2,7.2,22.5,national,13th,http://www.nownews.com/2012/01/02/301-2772159.htm,,
趨勢,2/13/2008,,,32.4,47,0,20.6,national,12th,http://www.gvsrc.com/dispPageBox/GVSRCPJ.aspx?ddsPageID=TREND&,,
趨勢,2/15/2008,,,30.1,46.4,0,23.5,national,12th,http://www.gvsrc.com/dispPageBox/GVSRCPJ.aspx?ddsPageID=TREND&,,
趨勢,2/17/2008,,,29,46.3,0,24.7,national,12th,http://www.gvsrc.com/dispPageBox/GVSRCPJ.aspx?ddsPageID=TREND&,,
趨勢,2/18/2008,,,29.2,47.7,0,23.1,national,12th,http://www.gvsrc.com/dispPageBox/GVSRCPJ.aspx?ddsPageID=TREND&,,
趨勢,2/19/2008,,,29.6,49,0,21.4,national,12th,http://www.gvsrc.com/dispPageBox/GVSRCPJ.aspx?ddsPageID=TREND&,,
趨勢,2/20/2008,,,28.9,49,0,22.1,national,12th,http://www.gvsrc.com/dispPageBox/GVSRCPJ.aspx?ddsPageID=TREND&,,
趨勢,2/21/2008,,,29.2,46.9,0,23.9,national,12th,http://www.gvsrc.com/dispPageBox/GVSRCPJ.aspx?ddsPageID=TREND&,,
趨勢,2/22/2008,,,27.6,47.9,0,24.5,national,12th,http://www.gvsrc.com/dispPageBox/GVSRCPJ.aspx?ddsPageID=TREND&,,
趨勢,2/24/2008,,,26.8,49,0,24.2,national,12th,http://www.gvsrc.com/dispPageBox/GVSRCPJ.aspx?ddsPageID=TREND&,,
趨勢,2/25/2008,,,26.3,49.4,0,24.3,national,12th,http://www.gvsrc.com/dispPageBox/GVSRCPJ.aspx?ddsPageID=TREND&,,
趨勢,2/26/2008,,,28.1,47.9,0,24,national,12th,http://www.gvsrc.com/dispPageBox/GVSRCPJ.aspx?ddsPageID=TREND&,,
趨勢,2/27/2008,,,30.4,47.2,0,22.4,national,12th,http://www.gvsrc.com/dispPageBox/GVSRCPJ.aspx?ddsPageID=TREND&,,
趨勢,2/28/2008,,,31,44.5,0,24.5,national,12th,http://www.gvsrc.com/dispPageBox/GVSRCPJ.aspx?ddsPageID=TREND&,,
趨勢,2/29/2008,,,29.4,43.9,0,26.7,national,12th,http://www.gvsrc.com/dispPageBox/GVSRCPJ.aspx?ddsPageID=TREND&,,
趨勢,3/2/2008,,,28.4,43.4,0,28.2,national,12th,http://www.gvsrc.com/dispPageBox/GVSRCPJ.aspx?ddsPageID=TREND&,,
趨勢,3/3/2008,,,27.3,44.9,0,27.8,national,12th,http://www.gvsrc.com/dispPageBox/GVSRCPJ.aspx?ddsPageID=TREND&,,
趨勢,3/4/2008,,,28.7,45.8,0,25.5,national,12th,http://www.gvsrc.com/dispPageBox/GVSRCPJ.aspx?ddsPageID=TREND&,,
趨勢,3/5/2008,,,29.7,46.2,0,24.1,national,12th,http://www.gvsrc.com/dispPageBox/GVSRCPJ.aspx?ddsPageID=TREND&,,
趨勢,3/6/2008,,,29.8,47,0,23.2,national,12th,http://www.gvsrc.com/dispPageBox/GVSRCPJ.aspx?ddsPageID=TREND&,,
趨勢,3/7/2008,,,28.4,44.5,0,27.1,national,12th,http://www.gvsrc.com/dispPageBox/GVSRCPJ.aspx?ddsPageID=TREND&,,
趨勢,3/9/2008,,,26.8,44.4,0,28.8,national,12th,http://www.gvsrc.com/dispPageBox/GVSRCPJ.aspx?ddsPageID=TREND&,,
趨勢,3/10/2008,,,26.9,45.5,0,27.6,national,12th,http://www.gvsrc.com/dispPageBox/GVSRCPJ.aspx?ddsPageID=TREND&,,
趨勢,3/11/2008,,,28,47.4,0,24.6,national,12th,http://www.gvsrc.com/dispPageBox/GVSRCPJ.aspx?ddsPageID=TREND&,,
趨勢,3/12/2008,,,28.3,49,0,22.7,national,12th,http://www.gvsrc.com/dispPageBox/GVSRCPJ.aspx?ddsPageID=TREND&,,
趨勢,3/13/2008,,,29.3,48.4,0,22.3,national,12th,http://www.gvsrc.com/dispPageBox/GVSRCPJ.aspx?ddsPageID=TREND&,,
趨勢,3/14/2008,,,28.9,47.5,0,23.6,national,12th,http://www.gvsrc.com/dispPageBox/GVSRCPJ.aspx?ddsPageID=TREND&,,
趨勢,3/16/2008,,,30.7,46.3,0,23,national,12th,http://www.gvsrc.com/dispPageBox/GVSRCPJ.aspx?ddsPageID=TREND&,,
趨勢,3/17/2008,,,29.6,46.2,0,24.2,national,12th,http://www.gvsrc.com/dispPageBox/GVSRCPJ.aspx?ddsPageID=TREND&,,
趨勢,3/18/2008,,,31.4,46.8,0,21.8,national,12th,http://www.gvsrc.com/dispPageBox/GVSRCPJ.aspx?ddsPageID=TREND&,,
趨勢,3/19/2008,,,31.4,46.4,0,22.2,national,12th,http://www.gvsrc.com/dispPageBox/GVSRCPJ.aspx?ddsPageID=TREND&,,
趨勢,3/20/2008,,,31.6,46,0,22.4,national,12th,http://www.gvsrc.com/dispPageBox/GVSRCPJ.aspx?ddsPageID=TREND&,,
趨勢,3/21/2008,,,29.8,45.6,0,24.6,national,12th,http://www.gvsrc.com/dispPageBox/GVSRCPJ.aspx?ddsPageID=TREND&,,
TVBS,8/16/2007,,,30,51,0,19,national,12th,http://www1.tvbs.com.tw/FILE_DB/DL_DB/even/200803/even-20080328162638.pdf,,
TVBS,8/29/2007,,,32,54,0,14,national,12th,http://www1.tvbs.com.tw/FILE_DB/DL_DB/even/200803/even-20080328162638.pdf,,
TVBS,9/20/2007,,,30,53,0,17,national,12th,http://www1.tvbs.com.tw/FILE_DB/DL_DB/even/200803/even-20080328162638.pdf,,
TVBS,1/16/2008,,,26,56,0,18,national,12th,http://www1.tvbs.com.tw/FILE_DB/DL_DB/even/200803/even-20080328162638.pdf,,
TVBS,1/30/2008,,,26,53,0,21,national,12th,http://www1.tvbs.com.tw/FILE_DB/DL_DB/even/200803/even-20080328162638.pdf,,
TVBS,1/31/2008,,,30,56,0,14,national,12th,http://www1.tvbs.com.tw/FILE_DB/DL_DB/even/200803/even-20080328162638.pdf,,
TVBS,2/15/2008,,,29,53,0,18,national,12th,http://www1.tvbs.com.tw/FILE_DB/DL_DB/even/200803/even-20080328162638.pdf,,
TVBS,2/22/2008,,,31,53,0,16,national,12th,http://www1.tvbs.com.tw/FILE_DB/DL_DB/even/200803/even-20080328162638.pdf,,
TVBS,2/24/2008,,,29,49,0,22,national,12th,http://www1.tvbs.com.tw/FILE_DB/DL_DB/even/200803/even-20080328162638.pdf,,
TVBS,2/29/2008,,,30,54,0,16,national,12th,http://www1.tvbs.com.tw/FILE_DB/DL_DB/even/200803/even-20080328162638.pdf,,
TVBS,3/8/2008,,,28,54,0,18,national,12th,http://www1.tvbs.com.tw/FILE_DB/DL_DB/even/200803/even-20080328162638.pdf,,
TVBS,3/9/2008,,,31,50,0,19,national,12th,http://www1.tvbs.com.tw/FILE_DB/DL_DB/even/200803/even-20080328162638.pdf,,
TVBS,3/10/2008,,,29,53,0,18,national,12th,http://www1.tvbs.com.tw/FILE_DB/DL_DB/even/200803/even-20080328162638.pdf,,
TVBS,3/11/2008,,,29,54,0,17,national,12th,http://www1.tvbs.com.tw/FILE_DB/DL_DB/even/200803/even-20080328162638.pdf,,
TVBS,3/12/2008,,,30,47,0,23,national,12th,http://www1.tvbs.com.tw/FILE_DB/DL_DB/even/200803/even-20080328162638.pdf,,
TVBS,3/13/2008,,,32,47,0,21,national,12th,http://www1.tvbs.com.tw/FILE_DB/DL_DB/even/200803/even-20080328162638.pdf,,
TVBS,3/14/2008,,,29,51,0,20,national,12th,http://www1.tvbs.com.tw/FILE_DB/DL_DB/even/200803/even-20080328162638.pdf,,
TVBS,3/17/2008,,,28,54,0,18,national,12th,http://www1.tvbs.com.tw/FILE_DB/DL_DB/even/200803/even-20080328162638.pdf,,
TVBS,3/18/2008,,,31,50,0,19,national,12th,http://www1.tvbs.com.tw/FILE_DB/DL_DB/even/200803/even-20080328162638.pdf,,
TVBS,3/19/2008,,,30,52,0,18,national,12th,http://www1.tvbs.com.tw/FILE_DB/DL_DB/even/200803/even-20080328162638.pdf,,
TVBS,3/20/2008,,,31,53,0,16,national,12th,http://www1.tvbs.com.tw/FILE_DB/DL_DB/even/200803/even-20080328162638.pdf,,
TVBS,3/21/2008,1110,2.9,29,51,0,20,national,12th,http://www.gvsrc.com/dispPageBox/GVSRCPJ.aspx?ddsPageID=TREND&,,
聯合報,8/13/2007,,,27,40,0,33,national,12th,http://www.wpoforum.com/viewtopic.php?fid=1&tid=27931,,
聯合報,8/14/2007,,,22,52,0,26,national,12th,http://www.wpoforum.com/viewtopic.php?fid=1&tid=27932,,
聯合報,9/22/2007,,,27,51,0,22,national,12th,http://www.wpoforum.com/viewtopic.php?fid=1&tid=27933,,
聯合報,10/24/2007,,,25,50,0,25,national,12th,http://www.wpoforum.com/viewtopic.php?fid=1&tid=27934,,
聯合報,12/28/2007,,,23,52,0,25,national,12th,http://www.wpoforum.com/viewtopic.php?fid=1&tid=27935,,
聯合報,1/13/2008,,,18,60,0,22,national,12th,http://www.wpoforum.com/viewtopic.php?fid=1&tid=27936,,
聯合報,1/26/2008,,,23,54,0,23,national,12th,http://www.wpoforum.com/viewtopic.php?fid=1&tid=27937,,
聯合報,2/14/2008,,,18,56,0,26,national,12th,http://www.wpoforum.com/viewtopic.php?fid=1&tid=27938,,
中山大學,1/14/2008,,,16.2,40.8,0,43,national,12th,http://www.appledaily.com.tw/appledaily/article/headline/20080310/30338969/,蘋果日報,
中山大學,2/12/2008,,,19.5,36.3,0,44.2,national,12th,http://www.appledaily.com.tw/appledaily/article/headline/20080310/30338969/,蘋果日報,
中山大學,3/6/2008,,,19.8,41.3,0,38.9,national,12th,http://www.appledaily.com.tw/appledaily/article/headline/20080310/30338969/,蘋果日報,
中國時報,1/25/2008,,,23,46,0,31,national,12th,http://hk.crntt.com/doc/1005/6/9/0/100569055.html?coluid=7&kindid=0&docid=100569055,,
中國時報,2/25/2008,,,22.7,48.6,0,28.7,national,12th,http://www.npf.org.tw/2/4312,,
中國時報,3/9/2008,,,21.1,52.7,0,26.2,national,12th,http://www.npf.org.tw/2/4313,,
中國時報,3/10/2008,,,21.8,48.9,0,29.3,national,12th,http://www.npf.org.tw/2/4314,,
年代,5/8/2007,1075,3,28.3,45,0,26.7,national,12th,http://survey.eracom.com.tw/file/productimages25/070508-01.pdf,,
TVBS,4/14/2003,,,32,53,0,15,national,11th,https://www.tpsr.tw/sites/tpsr/files/papers/10-1-2.pdf,,
TVBS,5/15/2003,,,31,52,0,17,national,11th,https://www.tpsr.tw/sites/tpsr/files/papers/10-1-2.pdf,,
TVBS,6/3/2003,,,32,53,0,15,national,11th,https://www.tpsr.tw/sites/tpsr/files/papers/10-1-2.pdf,,
TVBS,6/30/2003,,,33,51,0,16,national,11th,https://www.tpsr.tw/sites/tpsr/files/papers/10-1-2.pdf,,
TVBS,8/12/2003,,,31,52,0,17,national,11th,https://www.tpsr.tw/sites/tpsr/files/papers/10-1-2.pdf,,
TVBS,9/16/2003,,,31,54,0,15,national,11th,https://www.tpsr.tw/sites/tpsr/files/papers/10-1-2.pdf,,
TVBS,9/29/2003,,,31,47,0,22,national,11th,https://www.tpsr.tw/sites/tpsr/files/papers/10-1-2.pdf,,
TVBS,10/23/2003,,,34,48,0,18,national,11th,https://www.tpsr.tw/sites/tpsr/files/papers/10-1-2.pdf,,
TVBS,10/30/2003,,,35,41,0,24,national,11th,https://www.tpsr.tw/sites/tpsr/files/papers/10-1-2.pdf,,
TVBS,11/3/2003,,,34,44,0,22,national,11th,https://www.tpsr.tw/sites/tpsr/files/papers/10-1-2.pdf,,
TVBS,11/10/2003,,,37,40,0,23,national,11th,https://www.tpsr.tw/sites/tpsr/files/papers/10-1-2.pdf,,
TVBS,11/25/2003,,,33,46,0,21,national,11th,https://www.tpsr.tw/sites/tpsr/files/papers/10-1-2.pdf,,
TVBS,12/4/2003,,,30,41,0,29,national,11th,https://www.tpsr.tw/sites/tpsr/files/papers/10-1-2.pdf,,
TVBS,12/11/2003,,,37,41,0,22,national,11th,https://www.tpsr.tw/sites/tpsr/files/papers/10-1-2.pdf,,
TVBS,12/26/2003,,,34,45,0,21,national,11th,https://www.tpsr.tw/sites/tpsr/files/papers/10-1-2.pdf,,
TVBS,1/3/2004,,,37,48,0,15,national,11th,https://www.tpsr.tw/sites/tpsr/files/papers/10-1-2.pdf,,
TVBS,1/16/2004,,,33,47,0,20,national,11th,https://www.tpsr.tw/sites/tpsr/files/papers/10-1-2.pdf,,
TVBS,1/30/2004,,,35,47,0,18,national,11th,https://www.tpsr.tw/sites/tpsr/files/papers/10-1-2.pdf,,
TVBS,2/6/2004,,,36,45,0,19,national,11th,https://www.tpsr.tw/sites/tpsr/files/papers/10-1-2.pdf,,
TVBS,2/14/2004,,,37,43,0,20,national,11th,https://www.tpsr.tw/sites/tpsr/files/papers/10-1-2.pdf,,
TVBS,2/21/2004,,,37,44,0,19,national,11th,https://www.tpsr.tw/sites/tpsr/files/papers/10-1-2.pdf,,
TVBS,2/28/2004,,,38,41,0,21,national,11th,https://www.tpsr.tw/sites/tpsr/files/papers/10-1-2.pdf,,
TVBS,3/1/2004,,,36,43,0,21,national,11th,https://www.tpsr.tw/sites/tpsr/files/papers/10-1-2.pdf,,
TVBS,3/3/2004,,,35,40,0,25,national,11th,https://www.tpsr.tw/sites/tpsr/files/papers/10-1-2.pdf,,
TVBS,3/8/2004,,,36,40,0,24,national,11th,https://www.tpsr.tw/sites/tpsr/files/papers/10-1-2.pdf,,
TVBS,3/12/2004,,,37,42,0,21,national,11th,https://www.tpsr.tw/sites/tpsr/files/papers/10-1-2.pdf,,
TVBS,3/15/2004,,,33,46,0,21,national,11th,https://www.tpsr.tw/sites/tpsr/files/papers/10-1-2.pdf,,
TVBS,3/16/2004,,,35,43,0,22,national,11th,https://www.tpsr.tw/sites/tpsr/files/papers/10-1-2.pdf,,
TVBS,3/17/2004,,,37,46,0,17,national,11th,https://www.tpsr.tw/sites/tpsr/files/papers/10-1-2.pdf,,
TVBS,3/18/2004,,,34,44,0,22,national,11th,https://www.tpsr.tw/sites/tpsr/files/papers/10-1-2.pdf,,
TVBS,3/19/2004,,,38,39,0,23,national,11th,https://www.tpsr.tw/sites/tpsr/files/papers/10-1-2.pdf,,
年代,12/25/2003,1537,,32,39.9,0,28.1,national,11th,https://books.google.com/books?id=pJUmE33ZmHcC&pg=PA187&lpg=PA187&dq=2004年代民調&source=bl&ots=U1m0L45Jfe&sig=j8iCGyOsnq3zz0NABounL8DTldg&hl=en&sa=X&ved=0ahUKEwj_8azGo4vRAhUEKCYKHfReDV8Q6AEIRzAH#v=onepage&q=2004年代民調&f=false,,
年代,12/29/2003,1544,,30.8,40.9,0,28.3,national,11th,https://books.google.com/books?id=pJUmE33ZmHcC&pg=PA187&lpg=PA187&dq=2004年代民調&source=bl&ots=U1m0L45Jfe&sig=j8iCGyOsnq3zz0NABounL8DTldg&hl=en&sa=X&ved=0ahUKEwj_8azGo4vRAhUEKCYKHfReDV8Q6AEIRzAH#v=onepage&q=2004年代民調&f=false,,
年代,12/31/2003,1512,,29.8,39.3,0,30.9,national,11th,https://books.google.com/books?id=pJUmE33ZmHcC&pg=PA187&lpg=PA187&dq=2004年代民調&source=bl&ots=U1m0L45Jfe&sig=j8iCGyOsnq3zz0NABounL8DTldg&hl=en&sa=X&ved=0ahUKEwj_8azGo4vRAhUEKCYKHfReDV8Q6AEIRzAH#v=onepage&q=2004年代民調&f=false,,
年代,1/5/2004,1714,,31.9,38.9,0,29.2,national,11th,https://books.google.com/books?id=pJUmE33ZmHcC&pg=PA187&lpg=PA187&dq=2004年代民調&source=bl&ots=U1m0L45Jfe&sig=j8iCGyOsnq3zz0NABounL8DTldg&hl=en&sa=X&ved=0ahUKEwj_8azGo4vRAhUEKCYKHfReDV8Q6AEIRzAH#v=onepage&q=2004年代民調&f=false,,
年代,1/8/2004,1651,,31.5,37,0,31.5,national,11th,https://books.google.com/books?id=pJUmE33ZmHcC&pg=PA187&lpg=PA187&dq=2004年代民調&source=bl&ots=U1m0L45Jfe&sig=j8iCGyOsnq3zz0NABounL8DTldg&hl=en&sa=X&ved=0ahUKEwj_8azGo4vRAhUEKCYKHfReDV8Q6AEIRzAH#v=onepage&q=2004年代民調&f=false,,
年代,1/12/2004,1762,,30.1,38.5,0,31.4,national,11th,https://books.google.com/books?id=pJUmE33ZmHcC&pg=PA187&lpg=PA187&dq=2004年代民調&source=bl&ots=U1m0L45Jfe&sig=j8iCGyOsnq3zz0NABounL8DTldg&hl=en&sa=X&ved=0ahUKEwj_8azGo4vRAhUEKCYKHfReDV8Q6AEIRzAH#v=onepage&q=2004年代民調&f=false,,
年代,1/15/2004,1561,,29.2,39,0,31.8,national,11th,https://books.google.com/books?id=pJUmE33ZmHcC&pg=PA187&lpg=PA187&dq=2004年代民調&source=bl&ots=U1m0L45Jfe&sig=j8iCGyOsnq3zz0NABounL8DTldg&hl=en&sa=X&ved=0ahUKEwj_8azGo4vRAhUEKCYKHfReDV8Q6AEIRzAH#v=onepage&q=2004年代民調&f=false,,
年代,1/16/2004,1978,,29.3,40.7,0,30,national,11th,https://books.google.com/books?id=pJUmE33ZmHcC&pg=PA187&lpg=PA187&dq=2004年代民調&source=bl&ots=U1m0L45Jfe&sig=j8iCGyOsnq3zz0NABounL8DTldg&hl=en&sa=X&ved=0ahUKEwj_8azGo4vRAhUEKCYKHfReDV8Q6AEIRzAH#v=onepage&q=2004年代民調&f=false,,
年代,2/1/2004,1659,,29.1,40.1,0,30.8,national,11th,https://books.google.com/books?id=pJUmE33ZmHcC&pg=PA187&lpg=PA187&dq=2004年代民調&source=bl&ots=U1m0L45Jfe&sig=j8iCGyOsnq3zz0NABounL8DTldg&hl=en&sa=X&ved=0ahUKEwj_8azGo4vRAhUEKCYKHfReDV8Q6AEIRzAH#v=onepage&q=2004年代民調&f=false,,
年代,2/5/2004,1536,,31.2,38.9,0,29.9,national,11th,https://books.google.com/books?id=pJUmE33ZmHcC&pg=PA187&lpg=PA187&dq=2004年代民調&source=bl&ots=U1m0L45Jfe&sig=j8iCGyOsnq3zz0NABounL8DTldg&hl=en&sa=X&ved=0ahUKEwj_8azGo4vRAhUEKCYKHfReDV8Q6AEIRzAH#v=onepage&q=2004年代民調&f=false,,
年代,2/9/2004,1822,,30,39.3,0,30.7,national,11th,https://books.google.com/books?id=pJUmE33ZmHcC&pg=PA187&lpg=PA187&dq=2004年代民調&source=bl&ots=U1m0L45Jfe&sig=j8iCGyOsnq3zz0NABounL8DTldg&hl=en&sa=X&ved=0ahUKEwj_8azGo4vRAhUEKCYKHfReDV8Q6AEIRzAH#v=onepage&q=2004年代民調&f=false,,
年代,2/1/2004,3219,1.7,29.8,39.8,0,30.4,national,11th,http://www.tisr.com.tw/wp-content/uploads/2012/05/2004_2012_CI3.pdf,,
年代,2/9/2004,3870,,30.3,39.8,0,29.9,national,11th,https://books.google.com/books?id=pJUmE33ZmHcC&pg=PA187&lpg=PA187&dq=2004年代民調&source=bl&ots=U1m0L45Jfe&sig=j8iCGyOsnq3zz0NABounL8DTldg&hl=en&sa=X&ved=0ahUKEwj_8azGo4vRAhUEKCYKHfReDV8Q6AEIRzAH#v=onepage&q=2004年代民調&f=false,,
年代,2/16/2004,3215,,33.1,40,0,26.9,national,11th,https://books.google.com/books?id=pJUmE33ZmHcC&pg=PA187&lpg=PA187&dq=2004年代民調&source=bl&ots=U1m0L45Jfe&sig=j8iCGyOsnq3zz0NABounL8DTldg&hl=en&sa=X&ved=0ahUKEwj_8azGo4vRAhUEKCYKHfReDV8Q6AEIRzAH#v=onepage&q=2004年代民調&f=false,,
年代,2/12/2004,2048,,30.5,40.1,0,29.4,national,11th,https://books.google.com/books?id=pJUmE33ZmHcC&pg=PA187&lpg=PA187&dq=2004年代民調&source=bl&ots=U1m0L45Jfe&sig=j8iCGyOsnq3zz0NABounL8DTldg&hl=en&sa=X&ved=0ahUKEwj_8azGo4vRAhUEKCYKHfReDV8Q6AEIRzAH#v=onepage&q=2004年代民調&f=false,,
年代,2/16/2004,1680,,32.8,40.9,0,26.3,national,11th,https://books.google.com/books?id=pJUmE33ZmHcC&pg=PA187&lpg=PA187&dq=2004年代民調&source=bl&ots=U1m0L45Jfe&sig=j8iCGyOsnq3zz0NABounL8DTldg&hl=en&sa=X&ved=0ahUKEwj_8azGo4vRAhUEKCYKHfReDV8Q6AEIRzAH#v=onepage&q=2004年代民調&f=false,,
年代,2/19/2004,1535,,33.3,38.7,0,28,national,11th,https://books.google.com/books?id=pJUmE33ZmHcC&pg=PA187&lpg=PA187&dq=2004年代民調&source=bl&ots=U1m0L45Jfe&sig=j8iCGyOsnq3zz0NABounL8DTldg&hl=en&sa=X&ved=0ahUKEwj_8azGo4vRAhUEKCYKHfReDV8Q6AEIRzAH#v=onepage&q=2004年代民調&f=false,,
年代,2/21/2004,1714,,34.3,40.5,0,25.2,national,11th,https://books.google.com/books?id=pJUmE33ZmHcC&pg=PA187&lpg=PA187&dq=2004年代民調&source=bl&ots=U1m0L45Jfe&sig=j8iCGyOsnq3zz0NABounL8DTldg&hl=en&sa=X&ved=0ahUKEwj_8azGo4vRAhUEKCYKHfReDV8Q6AEIRzAH#v=onepage&q=2004年代民調&f=false,,
年代,2/23/2004,1722,,33.8,40,0,26.2,national,11th,https://books.google.com/books?id=pJUmE33ZmHcC&pg=PA187&lpg=PA187&dq=2004年代民調&source=bl&ots=U1m0L45Jfe&sig=j8iCGyOsnq3zz0NABounL8DTldg&hl=en&sa=X&ved=0ahUKEwj_8azGo4vRAhUEKCYKHfReDV8Q6AEIRzAH#v=onepage&q=2004年代民調&f=false,,
年代,2/24/2004,1719,,34.39,38.4,0,27.21,national,11th,https://books.google.com/books?id=pJUmE33ZmHcC&pg=PA187&lpg=PA187&dq=2004年代民調&source=bl&ots=U1m0L45Jfe&sig=j8iCGyOsnq3zz0NABounL8DTldg&hl=en&sa=X&ved=0ahUKEwj_8azGo4vRAhUEKCYKHfReDV8Q6AEIRzAH#v=onepage&q=2004年代民調&f=false,,
年代,2/26/2004,1726,,33.7,38.3,0,28,national,11th,https://books.google.com/books?id=pJUmE33ZmHcC&pg=PA187&lpg=PA187&dq=2004年代民調&source=bl&ots=U1m0L45Jfe&sig=j8iCGyOsnq3zz0NABounL8DTldg&hl=en&sa=X&ved=0ahUKEwj_8azGo4vRAhUEKCYKHfReDV8Q6AEIRzAH#v=onepage&q=2004年代民調&f=false,,
年代,2/27/2004,1788,,35,36.5,0,28.5,national,11th,https://books.google.com/books?id=pJUmE33ZmHcC&pg=PA187&lpg=PA187&dq=2004年代民調&source=bl&ots=U1m0L45Jfe&sig=j8iCGyOsnq3zz0NABounL8DTldg&hl=en&sa=X&ved=0ahUKEwj_8azGo4vRAhUEKCYKHfReDV8Q6AEIRzAH#v=onepage&q=2004年代民調&f=false,,
年代,2/29/2004,1665,,35.4,38,0,26.6,national,11th,https://books.google.com/books?id=pJUmE33ZmHcC&pg=PA187&lpg=PA187&dq=2004年代民調&source=bl&ots=U1m0L45Jfe&sig=j8iCGyOsnq3zz0NABounL8DTldg&hl=en&sa=X&ved=0ahUKEwj_8azGo4vRAhUEKCYKHfReDV8Q6AEIRzAH#v=onepage&q=2004年代民調&f=false,,
年代,3/2/2004,1604,,35.1,38.9,0,26,national,11th,https://books.google.com/books?id=pJUmE33ZmHcC&pg=PA187&lpg=PA187&dq=2004年代民調&source=bl&ots=U1m0L45Jfe&sig=j8iCGyOsnq3zz0NABounL8DTldg&hl=en&sa=X&ved=0ahUKEwj_8azGo4vRAhUEKCYKHfReDV8Q6AEIRzAH#v=onepage&q=2004年代民調&f=false,,
年代,3/4/2004,1575,,34.6,38.8,0,26.6,national,11th,https://books.google.com/books?id=pJUmE33ZmHcC&pg=PA187&lpg=PA187&dq=2004年代民調&source=bl&ots=U1m0L45Jfe&sig=j8iCGyOsnq3zz0NABounL8DTldg&hl=en&sa=X&ved=0ahUKEwj_8azGo4vRAhUEKCYKHfReDV8Q6AEIRzAH#v=onepage&q=2004年代民調&f=false,,
年代,3/5/2004,1816,,34.1,39,0,26.9,national,11th,https://books.google.com/books?id=pJUmE33ZmHcC&pg=PA187&lpg=PA187&dq=2004年代民調&source=bl&ots=U1m0L45Jfe&sig=j8iCGyOsnq3zz0NABounL8DTldg&hl=en&sa=X&ved=0ahUKEwj_8azGo4vRAhUEKCYKHfReDV8Q6AEIRzAH#v=onepage&q=2004年代民調&f=false,,
年代,3/6/2004,2030,,33,40,0,27,national,11th,https://books.google.com/books?id=pJUmE33ZmHcC&pg=PA187&lpg=PA187&dq=2004年代民調&source=bl&ots=U1m0L45Jfe&sig=j8iCGyOsnq3zz0NABounL8DTldg&hl=en&sa=X&ved=0ahUKEwj_8azGo4vRAhUEKCYKHfReDV8Q6AEIRzAH#v=onepage&q=2004年代民調&f=false,,
年代,3/8/2004,2217,,34.9,39.4,0,25.7,national,11th,https://books.google.com/books?id=pJUmE33ZmHcC&pg=PA187&lpg=PA187&dq=2004年代民調&source=bl&ots=U1m0L45Jfe&sig=j8iCGyOsnq3zz0NABounL8DTldg&hl=en&sa=X&ved=0ahUKEwj_8azGo4vRAhUEKCYKHfReDV8Q6AEIRzAH#v=onepage&q=2004年代民調&f=false,,
民進黨,3/6/2004,1864,,39.1,38,0,22.9,national,11th,https://books.google.com/books?id=pJUmE33ZmHcC&pg=PA187&lpg=PA187&dq=2004年代民調&source=bl&ots=U1m0L45Jfe&sig=j8iCGyOsnq3zz0NABounL8DTldg&hl=en&sa=X&ved=0ahUKEwj_8azGo4vRAhUEKCYKHfReDV8Q6AEIRzAH#v=onepage&q=2004年代民調&f=false,,
民進黨,2/29/2004,2453,,39.5,36.2,0,24.3,national,11th,https://books.google.com/books?id=pJUmE33ZmHcC&pg=PA187&lpg=PA187&dq=2004年代民調&source=bl&ots=U1m0L45Jfe&sig=j8iCGyOsnq3zz0NABounL8DTldg&hl=en&sa=X&ved=0ahUKEwj_8azGo4vRAhUEKCYKHfReDV8Q6AEIRzAH#v=onepage&q=2004年代民調&f=false,,
民進黨,2/20/2004,1169,,38.1,36.4,0,25.5,national,11th,https://books.google.com/books?id=pJUmE33ZmHcC&pg=PA187&lpg=PA187&dq=2004年代民調&source=bl&ots=U1m0L45Jfe&sig=j8iCGyOsnq3zz0NABounL8DTldg&hl=en&sa=X&ved=0ahUKEwj_8azGo4vRAhUEKCYKHfReDV8Q6AEIRzAH#v=onepage&q=2004年代民調&f=false,,
民進黨,1/29/2004,1096,,37.9,38.8,0,23.3,national,11th,https://books.google.com/books?id=pJUmE33ZmHcC&pg=PA187&lpg=PA187&dq=2004年代民調&source=bl&ots=U1m0L45Jfe&sig=j8iCGyOsnq3zz0NABounL8DTldg&hl=en&sa=X&ved=0ahUKEwj_8azGo4vRAhUEKCYKHfReDV8Q6AEIRzAH#v=onepage&q=2004年代民調&f=false,,
親民黨,3/2/2004,1241,,31,38.7,0,30,national,11th,https://books.google.com/books?id=pJUmE33ZmHcC&pg=PA187&lpg=PA187&dq=2004年代民調&source=bl&ots=U1m0L45Jfe&sig=j8iCGyOsnq3zz0NABounL8DTldg&hl=en&sa=X&ved=0ahUKEwj_8azGo4vRAhUEKCYKHfReDV8Q6AEIRzAH#v=onepage&q=2004年代民調&f=false,,
山水,3/6/2004,1021,,39.3,38.5,0,22.2,national,11th,https://books.google.com/books?id=pJUmE33ZmHcC&pg=PA187&lpg=PA187&dq=2004年代民調&source=bl&ots=U1m0L45Jfe&sig=j8iCGyOsnq3zz0NABounL8DTldg&hl=en&sa=X&ved=0ahUKEwj_8azGo4vRAhUEKCYKHfReDV8Q6AEIRzAH#v=onepage&q=2004年代民調&f=false,,
山水,3/4/2004,1126,,40.4,39.5,0,20.1,national,11th,https://books.google.com/books?id=pJUmE33ZmHcC&pg=PA187&lpg=PA187&dq=2004年代民調&source=bl&ots=U1m0L45Jfe&sig=j8iCGyOsnq3zz0NABounL8DTldg&hl=en&sa=X&ved=0ahUKEwj_8azGo4vRAhUEKCYKHfReDV8Q6AEIRzAH#v=onepage&q=2004年代民調&f=false,,
山水,2/28/2004,1155,,37.8,36.1,0,26.1,national,11th,https://books.google.com/books?id=pJUmE33ZmHcC&pg=PA187&lpg=PA187&dq=2004年代民調&source=bl&ots=U1m0L45Jfe&sig=j8iCGyOsnq3zz0NABounL8DTldg&hl=en&sa=X&ved=0ahUKEwj_8azGo4vRAhUEKCYKHfReDV8Q6AEIRzAH#v=onepage&q=2004年代民調&f=false,,
山水,2/29/2004,1047,,36.6,37.3,0,26.1,national,11th,https://books.google.com/books?id=pJUmE33ZmHcC&pg=PA187&lpg=PA187&dq=2004年代民調&source=bl&ots=U1m0L45Jfe&sig=j8iCGyOsnq3zz0NABounL8DTldg&hl=en&sa=X&ved=0ahUKEwj_8azGo4vRAhUEKCYKHfReDV8Q6AEIRzAH#v=onepage&q=2004年代民調&f=false,,
山水,2/25/2004,1071,,39,39.2,0,22,national,11th,https://books.google.com/books?id=pJUmE33ZmHcC&pg=PA187&lpg=PA187&dq=2004年代民調&source=bl&ots=U1m0L45Jfe&sig=j8iCGyOsnq3zz0NABounL8DTldg&hl=en&sa=X&ved=0ahUKEwj_8azGo4vRAhUEKCYKHfReDV8Q6AEIRzAH#v=onepage&q=2004年代民調&f=false,,
山水,2/17/2004,1064,,37.8,38.3,0,23.9,national,11th,https://books.google.com/books?id=pJUmE33ZmHcC&pg=PA187&lpg=PA187&dq=2004年代民調&source=bl&ots=U1m0L45Jfe&sig=j8iCGyOsnq3zz0NABounL8DTldg&hl=en&sa=X&ved=0ahUKEwj_8azGo4vRAhUEKCYKHfReDV8Q6AEIRzAH#v=onepage&q=2004年代民調&f=false,,
山水,2/10/2004,1040,,36.1,38.7,0,25.2,national,11th,https://books.google.com/books?id=pJUmE33ZmHcC&pg=PA187&lpg=PA187&dq=2004年代民調&source=bl&ots=U1m0L45Jfe&sig=j8iCGyOsnq3zz0NABounL8DTldg&hl=en&sa=X&ved=0ahUKEwj_8azGo4vRAhUEKCYKHfReDV8Q6AEIRzAH#v=onepage&q=2004年代民調&f=false,,
山水,2/2/2004,1068,,36.2,37.9,0,25.9,national,11th,https://books.google.com/books?id=pJUmE33ZmHcC&pg=PA187&lpg=PA187&dq=2004年代民調&source=bl&ots=U1m0L45Jfe&sig=j8iCGyOsnq3zz0NABounL8DTldg&hl=en&sa=X&ved=0ahUKEwj_8azGo4vRAhUEKCYKHfReDV8Q6AEIRzAH#v=onepage&q=2004年代民調&f=false,,
山水,1/27/2004,1039,,34.9,39.5,0,25.6,national,11th,https://books.google.com/books?id=pJUmE33ZmHcC&pg=PA187&lpg=PA187&dq=2004年代民調&source=bl&ots=U1m0L45Jfe&sig=j8iCGyOsnq3zz0NABounL8DTldg&hl=en&sa=X&ved=0ahUKEwj_8azGo4vRAhUEKCYKHfReDV8Q6AEIRzAH#v=onepage&q=2004年代民調&f=false,,
山水,1/12/2004,1114,,35.7,39.2,0,25.1,national,11th,https://books.google.com/books?id=pJUmE33ZmHcC&pg=PA187&lpg=PA187&dq=2004年代民調&source=bl&ots=U1m0L45Jfe&sig=j8iCGyOsnq3zz0NABounL8DTldg&hl=en&sa=X&ved=0ahUKEwj_8azGo4vRAhUEKCYKHfReDV8Q6AEIRzAH#v=onepage&q=2004年代民調&f=false,,
山水,1/6/2004,978,,35.9,39.3,0,24.8,national,11th,https://books.google.com/books?id=pJUmE33ZmHcC&pg=PA187&lpg=PA187&dq=2004年代民調&source=bl&ots=U1m0L45Jfe&sig=j8iCGyOsnq3zz0NABounL8DTldg&hl=en&sa=X&ved=0ahUKEwj_8azGo4vRAhUEKCYKHfReDV8Q6AEIRzAH#v=onepage&q=2004年代民調&f=false,,
山水,12/29/2003,1413,,34.8,40,0,25.2,national,11th,https://books.google.com/books?id=pJUmE33ZmHcC&pg=PA187&lpg=PA187&dq=2004年代民調&source=bl&ots=U1m0L45Jfe&sig=j8iCGyOsnq3zz0NABounL8DTldg&hl=en&sa=X&ved=0ahUKEwj_8azGo4vRAhUEKCYKHfReDV8Q6AEIRzAH#v=onepage&q=2004年代民調&f=false,,
山水,2/28/2003,1014,,36.6,35.5,0,27.9,national,11th,https://books.google.com/books?id=pJUmE33ZmHcC&pg=PA187&lpg=PA187&dq=2004年代民調&source=bl&ots=U1m0L45Jfe&sig=j8iCGyOsnq3zz0NABounL8DTldg&hl=en&sa=X&ved=0ahUKEwj_8azGo4vRAhUEKCYKHfReDV8Q6AEIRzAH#v=onepage&q=2004年代民調&f=false,,
國民黨,3/4/2004,1623,,30.5,35.1,0,34.4,national,11th,https://books.google.com/books?id=pJUmE33ZmHcC&pg=PA187&lpg=PA187&dq=2004年代民調&source=bl&ots=U1m0L45Jfe&sig=j8iCGyOsnq3zz0NABounL8DTldg&hl=en&sa=X&ved=0ahUKEwj_8azGo4vRAhUEKCYKHfReDV8Q6AEIRzAH#v=onepage&q=2004年代民調&f=false,,
公信力民,3/4/2004,2739,,30.6,35,0,34.4,national,11th,https://books.google.com/books?id=pJUmE33ZmHcC&pg=PA187&lpg=PA187&dq=2004年代民調&source=bl&ots=U1m0L45Jfe&sig=j8iCGyOsnq3zz0NABounL8DTldg&hl=en&sa=X&ved=0ahUKEwj_8azGo4vRAhUEKCYKHfReDV8Q6AEIRzAH#v=onepage&q=2004年代民調&f=false,,
聯合報,2/29/2004,1070,,35,38,0,27,national,11th,https://books.google.com/books?id=pJUmE33ZmHcC&pg=PA187&lpg=PA187&dq=2004年代民調&source=bl&ots=U1m0L45Jfe&sig=j8iCGyOsnq3zz0NABounL8DTldg&hl=en&sa=X&ved=0ahUKEwj_8azGo4vRAhUEKCYKHfReDV8Q6AEIRzAH#v=onepage&q=2004年代民調&f=false,,
聯合報,2/25/2004,1161,,37,40,0,23,national,11th,https://books.google.com/books?id=pJUmE33ZmHcC&pg=PA187&lpg=PA187&dq=2004年代民調&source=bl&ots=U1m0L45Jfe&sig=j8iCGyOsnq3zz0NABounL8DTldg&hl=en&sa=X&ved=0ahUKEwj_8azGo4vRAhUEKCYKHfReDV8Q6AEIRzAH#v=onepage&q=2004年代民調&f=false,,
聯合報,2/21/2004,1077,,35,40,0,25,national,11th,https://books.google.com/books?id=pJUmE33ZmHcC&pg=PA187&lpg=PA187&dq=2004年代民調&source=bl&ots=U1m0L45Jfe&sig=j8iCGyOsnq3zz0NABounL8DTldg&hl=en&sa=X&ved=0ahUKEwj_8azGo4vRAhUEKCYKHfReDV8Q6AEIRzAH#v=onepage&q=2004年代民調&f=false,,
聯合報,2/18/2004,1206,,36,42,0,22,national,11th,https://books.google.com/books?id=pJUmE33ZmHcC&pg=PA187&lpg=PA187&dq=2004年代民調&source=bl&ots=U1m0L45Jfe&sig=j8iCGyOsnq3zz0NABounL8DTldg&hl=en&sa=X&ved=0ahUKEwj_8azGo4vRAhUEKCYKHfReDV8Q6AEIRzAH#v=onepage&q=2004年代民調&f=false,,
聯合報,2/14/2004,1054,,35,41,0,24,national,11th,https://books.google.com/books?id=pJUmE33ZmHcC&pg=PA187&lpg=PA187&dq=2004年代民調&source=bl&ots=U1m0L45Jfe&sig=j8iCGyOsnq3zz0NABounL8DTldg&hl=en&sa=X&ved=0ahUKEwj_8azGo4vRAhUEKCYKHfReDV8Q6AEIRzAH#v=onepage&q=2004年代民調&f=false,,
聯合報,2/11/2004,1250,,37,41,0,22,national,11th,https://books.google.com/books?id=pJUmE33ZmHcC&pg=PA187&lpg=PA187&dq=2004年代民調&source=bl&ots=U1m0L45Jfe&sig=j8iCGyOsnq3zz0NABounL8DTldg&hl=en&sa=X&ved=0ahUKEwj_8azGo4vRAhUEKCYKHfReDV8Q6AEIRzAH#v=onepage&q=2004年代民調&f=false,,
聯合報,2/4/2004,1202,,39,42,0,19,national,11th,https://books.google.com/books?id=pJUmE33ZmHcC&pg=PA187&lpg=PA187&dq=2004年代民調&source=bl&ots=U1m0L45Jfe&sig=j8iCGyOsnq3zz0NABounL8DTldg&hl=en&sa=X&ved=0ahUKEwj_8azGo4vRAhUEKCYKHfReDV8Q6AEIRzAH#v=onepage&q=2004年代民調&f=false,,
聯合報,1/28/2004,1510,,37,40,0,23,national,11th,https://books.google.com/books?id=pJUmE33ZmHcC&pg=PA187&lpg=PA187&dq=2004年代民調&source=bl&ots=U1m0L45Jfe&sig=j8iCGyOsnq3zz0NABounL8DTldg&hl=en&sa=X&ved=0ahUKEwj_8azGo4vRAhUEKCYKHfReDV8Q6AEIRzAH#v=onepage&q=2004年代民調&f=false,,
聯合報,1/15/2004,1068,,35,42,0,23,national,11th,https://books.google.com/books?id=pJUmE33ZmHcC&pg=PA187&lpg=PA187&dq=2004年代民調&source=bl&ots=U1m0L45Jfe&sig=j8iCGyOsnq3zz0NABounL8DTldg&hl=en&sa=X&ved=0ahUKEwj_8azGo4vRAhUEKCYKHfReDV8Q6AEIRzAH#v=onepage&q=2004年代民調&f=false,,
聯合報,1/4/2004,1374,,38,44,0,18,national,11th,https://books.google.com/books?id=pJUmE33ZmHcC&pg=PA187&lpg=PA187&dq=2004年代民調&source=bl&ots=U1m0L45Jfe&sig=j8iCGyOsnq3zz0NABounL8DTldg&hl=en&sa=X&ved=0ahUKEwj_8azGo4vRAhUEKCYKHfReDV8Q6AEIRzAH#v=onepage&q=2004年代民調&f=false,,
聯合報,3/4/2004,2461,,37.6,42.6,0,19.8,national,11th,https://books.google.com/books?id=pJUmE33ZmHcC&pg=PA187&lpg=PA187&dq=2004年代民調&source=bl&ots=U1m0L45Jfe&sig=j8iCGyOsnq3zz0NABounL8DTldg&hl=en&sa=X&ved=0ahUKEwj_8azGo4vRAhUEKCYKHfReDV8Q6AEIRzAH#v=onepage&q=2004年代民調&f=false,,
世新大學,2/29/2004,1079,,37.5,41.1,0,21.4,national,11th,https://books.google.com/books?id=pJUmE33ZmHcC&pg=PA187&lpg=PA187&dq=2004年代民調&source=bl&ots=U1m0L45Jfe&sig=j8iCGyOsnq3zz0NABounL8DTldg&hl=en&sa=X&ved=0ahUKEwj_8azGo4vRAhUEKCYKHfReDV8Q6AEIRzAH#v=onepage&q=2004年代民調&f=false,,
世新大學,2/14/2004,1122,,37.1,42.9,0,20,national,11th,https://books.google.com/books?id=pJUmE33ZmHcC&pg=PA187&lpg=PA187&dq=2004年代民調&source=bl&ots=U1m0L45Jfe&sig=j8iCGyOsnq3zz0NABounL8DTldg&hl=en&sa=X&ved=0ahUKEwj_8azGo4vRAhUEKCYKHfReDV8Q6AEIRzAH#v=onepage&q=2004年代民調&f=false,,
世新大學,1/29/2004,1079,,35.3,50.5,0,14.2,national,11th,https://books.google.com/books?id=pJUmE33ZmHcC&pg=PA187&lpg=PA187&dq=2004年代民調&source=bl&ots=U1m0L45Jfe&sig=j8iCGyOsnq3zz0NABounL8DTldg&hl=en&sa=X&ved=0ahUKEwj_8azGo4vRAhUEKCYKHfReDV8Q6AEIRzAH#v=onepage&q=2004年代民調&f=false,,
世新大學,11/5/2004,1093,,35.9,44.9,0,19.2,national,11th,https://books.google.com/books?id=pJUmE33ZmHcC&pg=PA187&lpg=PA187&dq=2004年代民調&source=bl&ots=U1m0L45Jfe&sig=j8iCGyOsnq3zz0NABounL8DTldg&hl=en&sa=X&ved=0ahUKEwj_8azGo4vRAhUEKCYKHfReDV8Q6AEIRzAH#v=onepage&q=2004年代民調&f=false,,
世新大學,12/25/2003,1079,,37.3,40.4,0,22.3,national,11th,https://books.google.com/books?id=pJUmE33ZmHcC&pg=PA187&lpg=PA187&dq=2004年代民調&source=bl&ots=U1m0L45Jfe&sig=j8iCGyOsnq3zz0NABounL8DTldg&hl=en&sa=X&ved=0ahUKEwj_8azGo4vRAhUEKCYKHfReDV8Q6AEIRzAH#v=onepage&q=2004年代民調&f=false,,
世新大學,3/1/2004,3391,,39.8,38.1,0,22.1,national,11th,https://books.google.com/books?id=pJUmE33ZmHcC&pg=PA187&lpg=PA187&dq=2004年代民調&source=bl&ots=U1m0L45Jfe&sig=j8iCGyOsnq3zz0NABounL8DTldg&hl=en&sa=X&ved=0ahUKEwj_8azGo4vRAhUEKCYKHfReDV8Q6AEIRzAH#v=onepage&q=2004年代民調&f=false,,
中國時報,2/21/2004,920,,37,42,0,21,national,11th,https://books.google.com/books?id=pJUmE33ZmHcC&pg=PA187&lpg=PA187&dq=2004年代民調&source=bl&ots=U1m0L45Jfe&sig=j8iCGyOsnq3zz0NABounL8DTldg&hl=en&sa=X&ved=0ahUKEwj_8azGo4vRAhUEKCYKHfReDV8Q6AEIRzAH#v=onepage&q=2004年代民調&f=false,,
中國時報,2/17/2004,2535,,40,43,0,17,national,11th,https://books.google.com/books?id=pJUmE33ZmHcC&pg=PA187&lpg=PA187&dq=2004年代民調&source=bl&ots=U1m0L45Jfe&sig=j8iCGyOsnq3zz0NABounL8DTldg&hl=en&sa=X&ved=0ahUKEwj_8azGo4vRAhUEKCYKHfReDV8Q6AEIRzAH#v=onepage&q=2004年代民調&f=false,,
中國時報,1/12/2004,4013,,35,37,0,28,national,11th,https://books.google.com/books?id=pJUmE33ZmHcC&pg=PA187&lpg=PA187&dq=2004年代民調&source=bl&ots=U1m0L45Jfe&sig=j8iCGyOsnq3zz0NABounL8DTldg&hl=en&sa=X&ved=0ahUKEwj_8azGo4vRAhUEKCYKHfReDV8Q6AEIRzAH#v=onepage&q=2004年代民調&f=false,,
中國時報,1/2/2004,1371,,35,35,0,30,national,11th,https://books.google.com/books?id=pJUmE33ZmHcC&pg=PA187&lpg=PA187&dq=2004年代民調&source=bl&ots=U1m0L45Jfe&sig=j8iCGyOsnq3zz0NABounL8DTldg&hl=en&sa=X&ved=0ahUKEwj_8azGo4vRAhUEKCYKHfReDV8Q6AEIRzAH#v=onepage&q=2004年代民調&f=false,,
中國時報,12/25/2003,1070,,36,34,0,30,national,11th,https://books.google.com/books?id=pJUmE33ZmHcC&pg=PA187&lpg=PA187&dq=2004年代民調&source=bl&ots=U1m0L45Jfe&sig=j8iCGyOsnq3zz0NABounL8DTldg&hl=en&sa=X&ved=0ahUKEwj_8azGo4vRAhUEKCYKHfReDV8Q6AEIRzAH#v=onepage&q=2004年代民調&f=false,,
中央通訊社,1/17/2000,,,25,16.6,25.3,33.1,national,10th,https://books.google.com/books?id=pJUmE33ZmHcC&pg=PA187&lpg=PA187&dq=2004年代民調&source=bl&ots=U1m0L45Jfe&sig=j8iCGyOsnq3zz0NABounL8DTldg&hl=en&sa=X&ved=0ahUKEwj_8azGo4vRAhUEKCYKHfReDV8Q6AEIRzAH#v=onepage&q=2004年代民調&f=false,,
天下雜誌,1/27/2000,,,30,16.1,27.9,26,national,10th,https://books.google.com/books?id=pJUmE33ZmHcC&pg=PA187&lpg=PA187&dq=2004年代民調&source=bl&ots=U1m0L45Jfe&sig=j8iCGyOsnq3zz0NABounL8DTldg&hl=en&sa=X&ved=0ahUKEwj_8azGo4vRAhUEKCYKHfReDV8Q6AEIRzAH#v=onepage&q=2004年代民調&f=false,,
傳訊電視,1/31/2000,,,26.4,20.1,29.1,24.4,national,10th,https://books.google.com/books?id=pJUmE33ZmHcC&pg=PA187&lpg=PA187&dq=2004年代民調&source=bl&ots=U1m0L45Jfe&sig=j8iCGyOsnq3zz0NABounL8DTldg&hl=en&sa=X&ved=0ahUKEwj_8azGo4vRAhUEKCYKHfReDV8Q6AEIRzAH#v=onepage&q=2004年代民調&f=false,,
中央警察大學,2/19/2000,,,21.3,25.2,23.8,29.7,national,10th,https://books.google.com/books?id=pJUmE33ZmHcC&pg=PA187&lpg=PA187&dq=2004年代民調&source=bl&ots=U1m0L45Jfe&sig=j8iCGyOsnq3zz0NABounL8DTldg&hl=en&sa=X&ved=0ahUKEwj_8azGo4vRAhUEKCYKHfReDV8Q6AEIRzAH#v=onepage&q=2004年代民調&f=false,,
台灣蓋洛普,2/29/2000,,,22.7,15,23.2,39.1,national,10th,https://books.google.com/books?id=pJUmE33ZmHcC&pg=PA187&lpg=PA187&dq=2004年代民調&source=bl&ots=U1m0L45Jfe&sig=j8iCGyOsnq3zz0NABounL8DTldg&hl=en&sa=X&ved=0ahUKEwj_8azGo4vRAhUEKCYKHfReDV8Q6AEIRzAH#v=onepage&q=2004年代民調&f=false,,
國民黨,2/29/2000,,,23,26,24,27,national,10th,https://books.google.com/books?id=pJUmE33ZmHcC&pg=PA187&lpg=PA187&dq=2004年代民調&source=bl&ots=U1m0L45Jfe&sig=j8iCGyOsnq3zz0NABounL8DTldg&hl=en&sa=X&ved=0ahUKEwj_8azGo4vRAhUEKCYKHfReDV8Q6AEIRzAH#v=onepage&q=2004年代民調&f=false,,
中華學術基金會,3/1/2000,,,24.1,25.2,22.1,28.6,national,10th,https://books.google.com/books?id=pJUmE33ZmHcC&pg=PA187&lpg=PA187&dq=2004年代民調&source=bl&ots=U1m0L45Jfe&sig=j8iCGyOsnq3zz0NABounL8DTldg&hl=en&sa=X&ved=0ahUKEwj_8azGo4vRAhUEKCYKHfReDV8Q6AEIRzAH#v=onepage&q=2004年代民調&f=false,,
勁報,3/1/2000,,,22.3,21.9,20.8,35,national,10th,https://books.google.com/books?id=pJUmE33ZmHcC&pg=PA187&lpg=PA187&dq=2004年代民調&source=bl&ots=U1m0L45Jfe&sig=j8iCGyOsnq3zz0NABounL8DTldg&hl=en&sa=X&ved=0ahUKEwj_8azGo4vRAhUEKCYKHfReDV8Q6AEIRzAH#v=onepage&q=2004年代民調&f=false,,
中國時報,3/3/2000,,,22,20,22,36,national,10th,https://books.google.com/books?id=pJUmE33ZmHcC&pg=PA187&lpg=PA187&dq=2004年代民調&source=bl&ots=U1m0L45Jfe&sig=j8iCGyOsnq3zz0NABounL8DTldg&hl=en&sa=X&ved=0ahUKEwj_8azGo4vRAhUEKCYKHfReDV8Q6AEIRzAH#v=onepage&q=2004年代民調&f=false,,
世新大學,3/5/2000,,,24,18.7,26.9,30.4,national,10th,https://books.google.com/books?id=pJUmE33ZmHcC&pg=PA187&lpg=PA187&dq=2004年代民調&source=bl&ots=U1m0L45Jfe&sig=j8iCGyOsnq3zz0NABounL8DTldg&hl=en&sa=X&ved=0ahUKEwj_8azGo4vRAhUEKCYKHfReDV8Q6AEIRzAH#v=onepage&q=2004年代民調&f=false,,
聯合報,3/5/2000,,,22,27,26,25,national,10th,https://books.google.com/books?id=pJUmE33ZmHcC&pg=PA187&lpg=PA187&dq=2004年代民調&source=bl&ots=U1m0L45Jfe&sig=j8iCGyOsnq3zz0NABounL8DTldg&hl=en&sa=X&ved=0ahUKEwj_8azGo4vRAhUEKCYKHfReDV8Q6AEIRzAH#v=onepage&q=2004年代民調&f=false,,
企業發展研究學會,3/6/2000,,,22.5,25.8,19.5,32.2,national,10th,https://books.google.com/books?id=pJUmE33ZmHcC&pg=PA187&lpg=PA187&dq=2004年代民調&source=bl&ots=U1m0L45Jfe&sig=j8iCGyOsnq3zz0NABounL8DTldg&hl=en&sa=X&ved=0ahUKEwj_8azGo4vRAhUEKCYKHfReDV8Q6AEIRzAH#v=onepage&q=2004年代民調&f=false,,
民間決策國際公關民調中心,3/6/2000,,,24.2,20.3,24.2,31.3,national,10th,https://books.google.com/books?id=pJUmE33ZmHcC&pg=PA187&lpg=PA187&dq=2004年代民調&source=bl&ots=U1m0L45Jfe&sig=j8iCGyOsnq3zz0NABounL8DTldg&hl=en&sa=X&ved=0ahUKEwj_8azGo4vRAhUEKCYKHfReDV8Q6AEIRzAH#v=onepage&q=2004年代民調&f=false,,
明裕文化基金會,3/6/2000,,,22.1,24.1,21.7,32.1,national,10th,https://books.google.com/books?id=pJUmE33ZmHcC&pg=PA187&lpg=PA187&dq=2004年代民調&source=bl&ots=U1m0L45Jfe&sig=j8iCGyOsnq3zz0NABounL8DTldg&hl=en&sa=X&ved=0ahUKEwj_8azGo4vRAhUEKCYKHfReDV8Q6AEIRzAH#v=onepage&q=2004年代民調&f=false,,
山水,3/7/2000,,,21.7,22.8,26.5,29,national,10th,https://books.google.com/books?id=pJUmE33ZmHcC&pg=PA187&lpg=PA187&dq=2004年代民調&source=bl&ots=U1m0L45Jfe&sig=j8iCGyOsnq3zz0NABounL8DTldg&hl=en&sa=X&ved=0ahUKEwj_8azGo4vRAhUEKCYKHfReDV8Q6AEIRzAH#v=onepage&q=2004年代民調&f=false,,
民進黨,3/7/2000,,,25.8,22.4,25.1,26.7,national,10th,https://books.google.com/books?id=pJUmE33ZmHcC&pg=PA187&lpg=PA187&dq=2004年代民調&source=bl&ots=U1m0L45Jfe&sig=j8iCGyOsnq3zz0NABounL8DTldg&hl=en&sa=X&ved=0ahUKEwj_8azGo4vRAhUEKCYKHfReDV8Q6AEIRzAH#v=onepage&q=2004年代民調&f=false,,
民意測驗學會,3/7/2000,,,23.8,23.9,21.3,31,national,10th,https://books.google.com/books?id=pJUmE33ZmHcC&pg=PA187&lpg=PA187&dq=2004年代民調&source=bl&ots=U1m0L45Jfe&sig=j8iCGyOsnq3zz0NABounL8DTldg&hl=en&sa=X&ved=0ahUKEwj_8azGo4vRAhUEKCYKHfReDV8Q6AEIRzAH#v=onepage&q=2004年代民調&f=false,,
大趨勢,3/7/2000,,,21.3,24.5,22,32.2,national,10th,https://books.google.com/books?id=pJUmE33ZmHcC&pg=PA187&lpg=PA187&dq=2004年代民調&source=bl&ots=U1m0L45Jfe&sig=j8iCGyOsnq3zz0NABounL8DTldg&hl=en&sa=X&ved=0ahUKEwj_8azGo4vRAhUEKCYKHfReDV8Q6AEIRzAH#v=onepage&q=2004年代民調&f=false,,
宋楚瑜競選總部,3/7/2000,,,21.1,17.6,23.1,38.2,national,10th,https://books.google.com/books?id=pJUmE33ZmHcC&pg=PA187&lpg=PA187&dq=2004年代民調&source=bl&ots=U1m0L45Jfe&sig=j8iCGyOsnq3zz0NABounL8DTldg&hl=en&sa=X&ved=0ahUKEwj_8azGo4vRAhUEKCYKHfReDV8Q6AEIRzAH#v=onepage&q=2004年代民調&f=false,,
國民黨,3/7/2000,,,29.4,34.6,30.9,5.1,national,10th,https://books.google.com/books?id=pJUmE33ZmHcC&pg=PA187&lpg=PA187&dq=2004年代民調&source=bl&ots=U1m0L45Jfe&sig=j8iCGyOsnq3zz0NABounL8DTldg&hl=en&sa=X&ved=0ahUKEwj_8azGo4vRAhUEKCYKHfReDV8Q6AEIRzAH#v=onepage&q=2004年代民調&f=false,,
中華民國婦女創業協會,3/7/2000,,,21.8,22.2,20.7,35.3,national,10th,https://books.google.com/books?id=pJUmE33ZmHcC&pg=PA187&lpg=PA187&dq=2004年代民調&source=bl&ots=U1m0L45Jfe&sig=j8iCGyOsnq3zz0NABounL8DTldg&hl=en&sa=X&ved=0ahUKEwj_8azGo4vRAhUEKCYKHfReDV8Q6AEIRzAH#v=onepage&q=2004年代民調&f=false,,
TVBS,3/7/2000,,,26,25,24,25,national,10th,https://books.google.com/books?id=pJUmE33ZmHcC&pg=PA187&lpg=PA187&dq=2004年代民調&source=bl&ots=U1m0L45Jfe&sig=j8iCGyOsnq3zz0NABounL8DTldg&hl=en&sa=X&ved=0ahUKEwj_8azGo4vRAhUEKCYKHfReDV8Q6AEIRzAH#v=onepage&q=2004年代民調&f=false,,