POLLSTER,DATE,SAMPLE,ERROR(%),DPP,KMT,THIRD_PARTY,NO_OPINION,SCALE,YEAR,ORIGINAL_FILE,NOTES
決策,2015年8月24日,1075,2.99,41.2%,25.5%,15%,18.3%,national,14th,https://twcspa.files.wordpress.com/2015/08/e68cbae69fb1efbc9fe68f9be69fb1efbc9f-2016e5a4a7e981b8e6b091e8aabf.ppt,以中華電信住宅電話用戶為抽樣母體
中國國民黨,2015年9月14日,,,43%,33%,13%,11%,national,14th,https://www.youtube.com/watch?v=BlPCuYZsNdQ,
蘋果日報,2015年10月6日,584,,40.92%,29.28%,15.07%,14.73%,national,14th,http://www.appledaily.com.tw/appledaily/article/headline/20151007/36821406/,
TVBS,2015年10月7日,1083,3,48%,29%,10%,13%,national,14th,http://www.tvbs.com.tw/export/sites/tvbs/file/other/poll-center/0410063.pdf,http://news.tvbs.com.tw/politics/620560
決策,2015年10月7日,1074,2.99,42.1%,19%,14.1%,24.8%,national,14th,http://www.appledaily.com.tw/realtimenews/article/new/20151008/707561/,
台灣指標,2015年10月13日,1003,3.1,44.6%,21%,12%,22.4%,national,14th,http://www.tisr.com.tw/?p=5983#more-5983,
蘋果日報,2015年10月16日,1350,,45.47%,26.23%,12.63%,15.67%,national,14th,http://www.appledaily.com.tw/appledaily/article/headline/20151018/36846531/,電話輔助
砝迪斯,2015年10月16日,24200,,40.18%,17.17%,22.39%,17.72%,national,14th,https://www.youtube.com/watch?v=UDW5dKKzwfs,
自由時報,2015年10月17日,1031,3.05,47.04%,18.91%,7.86%,26.19%,national,14th,http://news.ltn.com.tw/news/focus/paper/924678,
決策,2015年10月17日,1077,2.99,45.2%,21.9%,13.8%,19.1%,national,14th,https://www.facebook.com/cspa.tw/posts/437304603139697,
趨勢,2015年10月17日,1084,3,41.6%,20.7%,10.1%,27.6%,national,14th,http://www.setn.com/News.aspx?NewsID=101079,
TVBS,2015年10月19日,1072,3,46%,29%,10%,15%,national,14th,http://www.tvbs.com.tw/export/sites/tvbs/file/other/poll-center/0410181.pdf,http://news.tvbs.com.tw/politics/622232
旺旺中時,2015年10月22日,716,3.7,38.9%,21.8%,8.8%,30.5%,national,14th,http://www.chinatimes.com/newspapers/20151024000311-260102,
趨勢,2015年10月24日,1071,3,48.1%,16.3%,10.4%,25.2%,national,14th,http://www.taiwanthinktank.org/page/chinese_attachment_1/3048/1510___________________151025V2.pdf,
台灣指標,2015年10月27日,1004,3.1,47.1%,16.4%,10.2%,26.3%,national,14th,http://www.tisr.com.tw/?p=6049#more-6049,
世新大學,2015年10月31日,1068,3,40.3%,18.6%,8.2%,32.9%,national,14th,http://www.appledaily.com.tw/appledaily/article/headline/20151103/36877934/,
世新大學,2015年11月3日,,,42.8%,20.8%,9%,27.4%,national,14th,/wiki/%E4%B8%96%E6%96%B0%E5%A4%A7%E5%AD%B8,
決策,2015年11月5日,1369,2.65,42.9%,20%,11.6%,25.5%,national,14th,https://www.facebook.com/cspa.tw/posts/440788812791276,
趨勢,2015年11月7日,,,46.7%,19%,11.4%,22.9%,national,14th,http://www.setn.com/News.aspx?NewsID=104997,
趨勢,2015年11月8日,1069,3,45.2%,22.5%,9.3%,23%,national,14th,http://www.tcf.tw/「馬習會民調發佈暨研討會」新聞稿20151110/,
趨勢,2015年11月8日,1078,3,43.1%,22.2%,7.1%,25.6%,national,14th,http://www.nownews.com/n/2015/11/09/1875932/2,
趨勢,2015年11月8日,938,3.2,44.5%,20.8%,10.2%,23.8%,national,14th,http://www.my-formosa.com/DOC_90966.htm,
中國國民黨,2015年11月8日,,,44%,22%,10%,24%,national,14th,http://udn.com/news/story/1/1321025,
旺旺中時,2015年11月8日,,,32.7%,21.1%,8%,38.2%,national,14th,http://www.appledaily.com.tw/realtimenews/article/new/20151109/728969/,
世新大學,2015年11月8日,1068,3,42.3%,21.7%,8.4%,27.6%,national,14th,http://news.ltn.com.tw/news/politics/breakingnews/1505079,
決策／精湛,2015年11月8日,1014,,48.6%,21.4%,8.3%,21.7%,national,14th,http://news.ltn.com.tw/news/politics/breakingnews/1502394,
TVBS,2015年11月8日,,,43%,27%,9%,21%,national,14th,http://www.tvbs.com.tw/export/sites/tvbs/file/other/poll-center/0411081-.pdf,
蘋果日報,2015年11月8日,511,,48.33%,33.01%,6.88%,11.78%,national,14th,http://www.appledaily.com.tw/appledaily/article/headline/20151109/36889287/,
台灣指標,2015年11月10日,1004,3.1,46.2%,20.4%,10.4%,23%,national,14th,http://www.tisr.com.tw/?p=6100#more-6100,
中國國民黨,2015年11月14日,,,41%,28%,10%,21%,national,14th,http://udn.com/news/story/1/1321025,
趨勢,2015年11月14日,1108,2.9,48.4%,20.4%,9.3%,21.9%,national,14th,http://www.braintrust.tw/userfiles/files/20151118.pdf,
TVBS,2015年11月19日,946,,46%,28%,10%,16%,national,14th,http://www.tvbs.com.tw/export/sites/tvbs/file/other/poll-center/0411181.pdf,
趨勢,2015年11月21日,,,44.3%,16.1%,9.7%,29.9%,national,14th,http://www.setn.com/News.aspx?NewsID=107853,
自由時報,2015年11月25日,,,47.86%,13.87%,6.89%,31.38%,national,14th,http://news.ltn.com.tw/news/focus/paper/935535,
台灣指標,2015年11月25日,1006,,44.8%,19.1%,11.8%,24.3%,national,14th,http://www.tisr.com.tw/?p=6158#more-6158,
趨勢,2015年11月26日,1068,3,48.2%,19.4%,11.6%,20.8%,national,14th,http://www.taiwanthinktank.org/page/chinese_attachment_1/3063/1511___________________151127V1.2.pdf,
聯合報系,2015年11月27日,850,,46%,19%,9%,27%,national,14th,http://udn.com/news/story/7741/1343309,
世新大學,2015年11月27日,1073,,44.5%,18.4%,6.8%,30.3%,national,14th,http://www.appledaily.com.tw/realtimenews/article/new/20151130/742959/,
台灣蓋洛普,2015年12月2日,1067,3,42.1%,15.9%,7.8%,34.3%,national,14th,http://www.appledaily.com.tw/realtimenews/article/new/20151208/748597/,
趨勢,2015年12月5日,937,,44.9%,15.7%,13.7%,25.7%,national,14th,http://www.setn.com/News.aspx?NewsID=110606,
決策,2015年12月7日,1076,2.99,52.6%,20.1%,9.2%,18.1%,national,14th,http://www.nownews.com/n/2015/12/08/1912491,
全國意向,2015年12月8日,998,,41.6%,25.8%,9.9%,22.7%,national,14th,http://www.rti.org.tw/m/news/detail/?recordId=239278,
壹電視,2015年12月9日,1032,,41.1%,16.6%,9.8%,32.5%,national,14th,http://www.nexttv.com.tw/news/realtime/politics/11452434/,
台灣指標,2015年12月11日,1005,,46.1%,16.1%,9.1%,28.7%,national,14th,http://www.tisr.com.tw/?p=6225#more-6225,
中國國民黨,2015年12月12日,1070,2.99,39%,29.7%,13%,18%,national,14th,http://www.ettoday.net/news/20151214/613041.htm,
TVBS,2015年12月13日,996,,45%,22%,10%,23%,national,14th,http://www.tvbs.com.tw/export/sites/tvbs/file/other/poll-center/0412111-2016.pdf,
世新大學,2015年12月13日,1068,,43.2%,20%,7.8%,29%,national,14th,http://www.appledaily.com.tw/appledaily/article/headline/20151216/36956675/,
全國意向,2015年12月13日,1069,,41.2%,29.1%,8.4%,21.2%,national,14th,http://news.101media.com.tw/news/18515,
自由時報,2015年12月16日,1041,,47.55%,14.22%,7.2%,31.03%,national,14th,http://news.ltn.com.tw/news/focus/paper/941322,
壹電視,2015年12月16日,,,42.4%,16.2%,11.4%,30%,national,14th,http://www.nexttv.com.tw/news/realtime/politics/11457329/,
全國意向,2015年12月20日,1069,,40.4%,30.9%,8.7%,20%,national,14th,http://www.cna.com.tw/news/aipl/201512220282-1.aspx,
TVBS,2015年12月20日,1031,,46%,26%,10%,17%,national,14th,http://www.tvbs.com.tw/export/sites/tvbs/file/other/poll-center/0412181.pdf,
壹電視,2015年12月23日,1069,,41.3%,16.2%,9.5%,33%,national,14th,http://www.nexttv.com.tw/news/realtime/politics/11462115/,
TVBS,2015年12月26日,857,,46%,23%,10%,21%,national,14th,http://www.tvbs.com.tw/export/sites/tvbs/file/other/poll-center/0412262.pdf,
聯合報系,2015年12月26日,903,,41%,19%,10%,30%,national,14th,http://udn.com/news/story/9199/1403701,
趨勢,2015年12月26日,1069,3,51.1%,17.1%,12.9%,18.9%,national,14th,http://www.braintrust.tw/userfiles/files/20151230.pdf,
TVBS,2015年12月27日,910,,40%,24%,14%,22%,national,14th,http://www.tvbs.com.tw/export/sites/tvbs/file/other/poll-center/0412271.pdf,
聯合報系,2015年12月27日,1015,,39%,19%,12%,30%,national,14th,http://udn.com/news/story/7741/1405356/,
典通,2015年12月28日,,,39.6%,16%,11.3%,33.1%,national,14th,http://www.dataa.com.tw/wp-content/uploads/2016/01/新聞稿附件1-調查數據highlight.xls,
台灣指標,2015年12月28日,1002,3.1,45%,20%,15%,20%,national,14th,https://www.youtube.com/watch?v=JB0v1zEWMRU,
決策,2015年12月28日,1210,2.82,45.1%,22.1%,13.6%,19.2%,national,14th,http://www.setn.com/News.aspx?NewsID=115103,
趨勢,2015年12月28日,1085,3,44.4%,20.4%,14.2%,21%,national,14th,http://www.taiwanthinktank.org/page/chinese_attachment_1/3074/1512___________________V2.pdf,
趨勢,2015年12月28日,913,3.3,45.2%,20.4%,14.6%,19.8%,national,14th,http://www.setn.com/News.aspx?NewsID=115528,
台灣指標,2015年12月29日,1002,,40.1%,17.5%,16.8%,25.7%,national,14th,http://www.tisr.com.tw/?p=6266#more-6266,
壹電視,2015年12月30日,1073,,42.9%,17.7%,9.4%,30.1%,national,14th,http://www.nexttv.com.tw/news/realtime/politics/11467300/,
全國意向,2016年1月2日,876,3.31,39.2%,31.2%,10.7%,18.9%,national,14th,http://www.nownews.com/n/2016/01/04/1946418,
TVBS,2016年1月2日,978,,44%,24%,15%,18%,national,14th,http://www.tvbs.com.tw/export/sites/tvbs/file/other/poll-center/0501021.pdf,
世新大學,2016年1月2日,1069,3,42.1%,21.4%,13.5%,23%,national,14th,http://www.appledaily.com.tw/appledaily/article/headline/20160104/36991975/,
壹電視,2016年1月3日,1076,3,38.7%,16.4%,13.7%,31.2%,national,14th,http://www.nexttv.com.tw/news/realtime/politics/11469879/,
趨勢,2016年1月3日,800,3.5,42.8%,17.9%,11.5%,27.8%,national,14th,http://www.setn.com/News.aspx?NewsID=116284,
決策,2016年1月3日,1052,3.02,45.2%,16.3%,16.1%,22.9%,national,14th,http://newtalk.tw/news/view/2016-01-05/68799,
典通,2016年1月4日,1091,3,38.4%,16.8%,13.6%,31.2%,national,14th,http://www.dataa.com.tw/wp-content/uploads/2016/01/新聞稿附件1-調查數據highlight.xls,
自由時報,2016年1月4日,1088,2.97,47.98%,14.8%,10.29%,26.93%,national,14th,http://news.ltn.com.tw/news/focus/paper/946407,
TVBS,2016年1月4日,1185,2.9,43%,25%,15%,17%,national,14th,http://www.tvbs.com.tw/export/sites/tvbs/file/other/poll-center/0501031.pdf,
TVBS,2016年1月14日,991,3.1,43%,24%,16%,18%,national,14th,http://news.tvbs.com.tw/politics/news-635315/,
,,,,,,,,,,,
精湛,2015年11月20日,,,46.2%,27.4%,7.1%,19.3%,臺北市第三選舉區,14th,https://www.facebook.com/xiao.s.feng/posts/1283241141691900,
台灣指標,2015年12月25日,,,43.8%,19.7%,11.8%,24.7%,臺北市第五選舉區,14th,http://news.ltn.com.tw/news/politics/breakingnews/1555025,
TVBS,2015年10月15日,,,47%,31%,14%,7%,新北市,14th,http://www.tvbs.com.tw/export/sites/tvbs/file/other/poll-center/0410131.pdf,
壹電視,2015年12月28日,,,45.5%,18.8%,12.6%,23.1%,新北市第一選舉區,14th,https://www.youtube.com/watch?v=pXzidLslPnY,
壹電視,2015年10月21日,,,49.8%,20.9%,8.1%,21.2%,新北市第六選舉區,14th,https://www.youtube.com/watch?v=lc1SD0tOkGE,
決策,2015年11月15日,,,39.4%,28.3%,7.7%,24.6%,桃園市第三選舉區,14th,https://www.facebook.com/hauyu.wang/videos/vb.1775451270/10201374871331831/?type=2&theater,
山水民調,2015年10月20日,,,46.7%,21%,12.9%,19.4%,新竹市,14th,http://www.storm.mg/article/69984,
年代,2015年11月8日,,,48%,21.5%,14.6%,16.9%,新竹市,14th,https://drive.google.com/file/d/0B1oKoW1dXSfiVGoxNml3aWJ3SWc/view?pref=2&pli=1,
年代,2015年11月24日,,,46.7%,21.6%,13.5%,18.2%,新竹市,14th,https://drive.google.com/file/d/0B1oKoW1dXSfiVGoxNml3aWJ3SWc/view?pref=2&pli=1,
年代,2015年12月7日,,,47.7%,21%,12.1%,19.1%,新竹市,14th,https://drive.google.com/file/d/0B1oKoW1dXSfiVGoxNml3aWJ3SWc/view?pref=2&pli=1,
山水民調,2015年12月15日,,,47.7%,19.6%,13.9%,18.7%,新竹市,14th,https://drive.google.com/file/d/0B1oKoW1dXSfidXhhVVJ2a0VzVEk/view?pref=2&pli=1,
年代,2015年12月21日,,,46.2%,18.7%,15.7%,19.4%,新竹市,14th,https://drive.google.com/file/d/0B1oKoW1dXSfiVGoxNml3aWJ3SWc/view?pref=2&pli=1,
山水民調,2015年12月17日,,,32.1%,26.1%,13.6%,28.2%,苗栗縣第二選舉區,14th,http://news.ltn.com.tw/news/politics/breakingnews/1561308,
中國國民黨,2015年10月15日,,,41.4%,12.8%,8.4%,37.4%,臺中市,14th,http://news.ltn.com.tw/news/focus/paper/923884,
壹電視,2015年12月28日,,,40.2%,13.7%,19.1%,27%,臺中市第二選舉區,14th,https://www.youtube.com/watch?v=pXzidLslPnY,
壹電視,2015年12月28日,,,51.4%,15%,13.6%,20%,屏東縣第二選舉區,14th,https://www.youtube.com/watch?v=pXzidLslPnY,
趨勢,2015年12月9日,,,17.8%,50.3%,12.7%,19.2%,金門縣,14th,http://www.nownews.com/n/2015/12/25/1935263,
,,,,,,,,,,,
,,,,,,,,,,,
年代,2011年7月9日,1075,2.99,33.9%,35.8%,8.6%,21.6%,national,13th,http://survey.eracom.com.tw/file/productimages25/110708-2012%E7%B8%BD%E7%B5%B1%E9%81%B8%E6%83%85%E6%B0%91%E8%AA%BF.pdf,
趨勢,2011年7月17日,1126,3,32.3%,35.8%,10%,21.9%,national,13th,http://www.new7.com.tw/NewsView.aspx?t=09&i=TXT20110723125122KQ5,
TVBS,2011年7月21日,1626,2.4,36%,38%,13%,12%,national,13th,http://www1.tvbs.com.tw/FILE_DB/PCH/201107/0zy0wlh44l.pdf,
中國時報,2011年8月3日,,,28.6%,33%,10.3%,28%,national,13th,http://blog.chinatimes.com/apollo/archive/2011/08/05/827755.html,
年代,2011年8月5日,1054,3.02,27.7%,29.3%,15.4%,27.6%,national,13th,http://survey.eracom.com.tw/file/productimages25/110803-2012%E7%B8%BD%E7%B5%B1%E9%81%B8%E6%83%85%E6%B0%91%E8%AA%BF.pdf,
蘋果日報,2011年8月12日,,,27.82%,38.82%,18.95%,14.41%,national,13th,http://tw.nextmedia.com/applenews/article/art_id/33596886/IssueID/20110814,
聯合報系,2011年8月14日,2014,2.2,31%,38%,15%,16%,national,13th,http://www.nownews.com/2011/08/15/301-2735265.htm#ixzz1V5ZGNEP6,
TVBS,2011年8月15日,1234,2.8,35%,39%,16%,9%,national,13th,http://www1.tvbs.com.tw/FILE_DB/PCH/201108/brrtf4y454.pdf,
遠見,2011年8月16日,,,33.9%,35.1%,14%,17%,national,13th,http://www.gvsrc.net.tw/dispPageBox/GVSRCCP.aspx?ddsPageID=POLITICS&&dbid=3852962941,
趨勢,2011年8月24日,1073,3,31.9%,37.2%,16.7%,14.2%,national,13th,http://www.new7.com.tw/NewsView.aspx?t=09&i=TXT20110826095239J95,
TVBS,2011年8月30日,,,32%,40%,17%,12%,national,13th,http://www1.tvbs.com.tw/FILE_DB/PCH/201108/mcq69ajqc7.pdf,
山水民調,2011年8月31日,1641,2.42,32.4%,33.1%,12.7%,21.8%,national,13th,http://www.nownews.com/2011/09/04/301-2740224.htm,
年代,2011年9月3日,,,28.6%,35.2%,14.3%,21.9%,national,13th,http://survey.eracom.com.tw/file/productimages25/110803-2012%E7%B8%BD%E7%B5%B1%E9%81%B8%E6%83%85%E6%B0%91%E8%AA%BF.pdf,
自由時報,2011年9月7日,,,28.23%,31.46%,14.68%,25.63%,national,13th,http://www.libertytimes.com.tw/2011/new/sep/8/today-fo1.htm,
展欣科技,2011年9月8日,,,40.89%,41.38%,17.73%,—,national,13th,http://www.i-tel.com.tw/vivi/election/electionarea-0912.htm,
中國時報,2011年9月9日,,,31.5%,38.8%,13.6%,16.1%,national,13th,http://blog.chinatimes.com/apollo/archive/2011/09/13/933590.html,
TVBS,2011年9月14日,,,34%,42%,14%,10%,national,13th,http://www1.tvbs.com.tw/FILE_DB/PCH/201109/b1fzcnqxq9.pdf,
聯合報系,2011年9月14日,,,32%,40%,13%,14%,national,13th,http://udn.com/NEWS/NATIONAL/NATS3/6598475.shtml,
自由時報,2011年9月16日,,,31.61%,31.61%,13.44%,23.34%,national,13th,http://www.libertytimes.com.tw/2011/new/sep/17/today-fo1.htm,
山水民調,2011年9月16日,,,27.9%,33.4%,11.4%,27.4%,national,13th,http://www.nownews.com/2011/09/17/301-2742820.htm,
蘋果日報,2011年9月17日,,,29.64%,39.7%,16.21%,14.45%,national,13th,http://tw.nextmedia.com/applenews/article/art_id/33678052/IssueID/20110919,
年代,2011年9月17日,,,28.5%,36.3%,11.2%,24.1%,national,13th,http://survey.eracom.com.tw/file/productimages25/110916-2012%E7%B8%BD%E7%B5%B1%E9%81%B8%E6%83%85%E6%B0%91%E8%AA%BF.pdf,
中國時報,2011年9月18日,,,32%,39%,11%,18%,national,13th,http://news.chinatimes.com/focus/50109625/112011092100079.html,
遠見,2011年9月19日,,,36%,35.8%,10%,18.2%,national,13th,http://www.gvsrc.net.tw/dispPageBox/GVSRCCP.aspx?ddsPageID=NEWS&&dbid=3470362989,
民進黨,2011年9月19日,,,37.4%,36.2%,12.4%,14%,national,13th,http://libertytimes.com.tw/2011/new/sep/22/today-fo1-2.htm,
TVBS,2011年9月20日,,,32%,43%,14%,11%,national,13th,http://www1.tvbs.com.tw/FILE_DB/PCH/201109/vnm3uwi9t8.pdf,
TVBS,2011年9月22日,,,32%,42%,15%,11%,national,13th,http://www1.tvbs.com.tw/FILE_DB/PCH/201109/6hpvu8fxdn.pdf,
TVBS,2011年9月28日,,,33%,40%,14%,13%,national,13th,http://www1.tvbs.com.tw/FILE_DB/PCH/201109/sltjk784p4.pdf,
山水民調,2011年9月28日,,,29.8%,33.6%,11.5%,16.9%,national,13th,http://tw.nextmedia.com/rnews/article/SecID/101/art_id/78078/IssueID/20111002,
趨勢,2011年9月28日,,,28.4%,36.2%,9.7%,25.7%,national,13th,http://www.new7.com.tw/NewsView.aspx?t=09&i=TXT20111012145100C9J,
中國時報,2011年10月2日,,,36%,39.5%,11.7%,12.8%,national,13th,http://www.youtube.com/watch?v=wrIAejaC7x8,
中國時報,2011年10月3日,,,34.7%,38.7%,11.1%,15.5%,national,13th,http://www.youtube.com/watch?v=-57zsUQQwNQ,
中國時報,2011年10月4日,,,35.1%,38.5%,12.1%,14.3%,national,13th,http://www.youtube.com/watch?v=aWgzeyc7Ao4,
中國時報,2011年10月5日,,,33.5%,38.4%,12.8%,15.3%,national,13th,http://www.youtube.com/watch?v=aWgzeyc7Ao4,
中國時報,2011年10月6日,,,32.2%,37.5%,13.7%,16.6%,national,13th,http://www.youtube.com/watch?v=y6XDTJ2wpAM,
精湛,2011年10月6日,,,36.1%,37.3%,12.6%,13.9%,national,13th,http://www.taiwanthinktank.org/page/chinese_attachment_1/2233/20111008.pdf,
TVBS,2011年10月6日,,,35%,40%,13%,13%,national,13th,http://www1.tvbs.com.tw/FILE_DB/PCH/201111/3w2bz4be08.pdf,
中國時報,2011年10月7日,,,31.7%,37.5%,13.6%,17.2%,national,13th,http://www.youtube.com/watch?v=OijM5oiEs5k,
中國時報,2011年10月8日,,,31.9%,37.7%,13.2%,17.2%,national,13th,http://www.youtube.com/watch?v=OijM5oiEs5k,
趨勢,2011年10月8日,,,28.4%,36.2%,9.7%,25.7%,national,13th,http://mag.chinatimes.com/mag-cnt.aspx?artid=10374&page=1,
中國時報,2011年10月9日,,,31.6%,37.9%,13.4%,17.1%,national,13th,http://www.youtube.com/watch?v=OijM5oiEs5k,
中國時報,2011年10月10日,,,30.6%,38%,13.2%,18.2%,national,13th,http://www.youtube.com/watch?v=QLxNH7diuOw,
中國時報,2011年10月11日,,,31.4%,38.9%,12%,17.7%,national,13th,http://www.youtube.com/watch?v=t5gjRAUWI0E,
山水民調,2011年10月12日,,,30.5%,37%,13.3%,19.2%,national,13th,http://www.nownews.com/2011/10/13/11754-2748928.htm,
中國時報,2011年10月12日,,,31%,40%,11.4%,17.6%,national,13th,http://www.youtube.com/watch?v=nY7MZicSu1g,
TVBS,2011年10月12日,,,34%,38%,15%,13%,national,13th,http://www1.tvbs.com.tw/FILE_DB/PCH/201111/bz6y8n00b8.pdf,
中國時報,2011年10月13日,,,30.3%,39.7%,12.6%,17.4%,national,13th,http://www.youtube.com/watch?v=NQtg8e3tEFQ,
中國時報,2011年10月14日,,,31.4%,39%,11.7%,17.9%,national,13th,http://www.youtube.com/watch?v=3A99Eh2Df4c,
聯合報系,2011年10月15日,,,32%,43%,11%,14%,national,13th,http://udn.com/NEWS/NATIONAL/NATS5/6656293.shtml,
中國時報,2011年10月15日,,,32.7%,39.5%,11.3%,16.5%,national,13th,http://www.youtube.com/watch?v=3A99Eh2Df4c,
北市教大,2011年10月15日,,,26.4%,34%,10.2%,29.4%,national,13th,http://tw.nextmedia.com/applenews/article/art_id/33746722/IssueID/20111018,
中國時報,2011年10月16日,,,32.5%,39.9%,10.3%,17.3%,national,13th,http://www.youtube.com/watch?v=3A99Eh2Df4c,
中國時報,2011年10月17日,,,32.4%,40.9%,11%,15.7%,national,13th,http://camera.chinatimes.com/PhotoView.aspx?fid=16156&pid=203668,
中國時報,2011年10月18日,,,33.7%,42%,9.4%,14.9%,national,13th,http://www.youtube.com/watch?v=z1DaFLtj8IE,
中國時報,2011年10月19日,,,33.7%,43.7%,9.1%,13.5%,national,13th,http://www.youtube.com/watch?v=SgvLWfe79-I,
中國時報,2011年10月20日,,,34.8%,42%,9.3%,13.8%,national,13th,http://www.youtube.com/watch?v=FDzZu4otzFc,
TVBS,2011年10月20日,,,35%,43%,12%,10%,national,13th,http://www1.tvbs.com.tw/FILE_DB/PCH/201111/601g8g6ad1.pdf,
展欣科技,2011年10月21日,,,42.95%,43.72%,13.33%,—,national,13th,http://www.i-tel.com.tw/vivi/election/electionarea-1021.htm,
中國時報,2011年10月21日,,,35.1%,42.3%,9.7%,12.9%,national,13th,http://www.youtube.com/watch?v=biUSJ0tBG1A,
中國時報,2011年10月22日,,,35.8%,42.3%,9.4%,12.5%,national,13th,http://www.youtube.com/watch?v=biUSJ0tBG1A,
中國時報,2011年10月23日,,,36.3%,41.6%,10.6%,11.5%,national,13th,http://www.youtube.com/watch?v=biUSJ0tBG1A,
中國時報,2011年10月24日,,,36.9%,40.6%,10.6%,11.9%,national,13th,http://www.youtube.com/watch?v=6mblJvrvHAo,
中國時報,2011年10月25日,,,37%,42.1%,10.1%,10.8%,national,13th,http://www.youtube.com/watch?v=VucxAihGlMk,
自由時報,2011年10月26日,,,30.28%,31.91%,11.13%,26.67%,national,13th,http://libertytimes.com.tw/2011/new/oct/27/today-fo2.htm,
TVBS,2011年10月26日,,,33%,42%,13%,12%,national,13th,http://www1.tvbs.com.tw/FILE_DB/PCH/201111/1ahdn0afk7.pdf,
中國時報,2011年10月26日,,,37.5%,42.1%,9.5%,10.9%,national,13th,http://www.youtube.com/watch?v=uo9ZGaaSjxk,
中國時報,2011年10月27日,,,37.4%,42.2%,8.5%,11.9%,national,13th,http://www.youtube.com/watch?v=uWun2eqLYgM,
中國時報,2011年10月28日,,,38%,41.3%,8.3%,12.4%,national,13th,http://www.youtube.com/watch?v=s2AqK3Ii7wY,
中國時報,2011年10月29日,,,37%,42.1%,9.3%,11.6%,national,13th,http://www.youtube.com/watch?v=s2AqK3Ii7wY,
決策,2011年10月29日,,,35.9%,32.2%,13.7%,18.2%,national,13th,http://newtalk.tw/news_read.php?oid=19153,
中國時報,2011年10月30日,,,37.1%,41.3%,10%,11.6%,national,13th,http://www.youtube.com/watch?v=s2AqK3Ii7wY,
中國時報,2011年10月31日,,,36%,41.8%,10.4%,11.8%,national,13th,http://www.youtube.com/watch?v=cBSrmghXJ74,
TVBS,2011年10月31日,,,33%,39%,9%,20%,national,13th,http://www1.tvbs.com.tw/FILE_DB/PCH/201111/vnlt01ljl7.pdf,
中國時報,2011年11月1日,,,35.8%,41.3%,11%,11.9%,national,13th,http://www.youtube.com/watch?v=7x3WSooGb7Q,
中國時報,2011年11月2日,,,33.8%,42%,11.4%,12.8%,national,13th,http://www.youtube.com/watch?v=xqmmZqWjkno,
山水,2011年11月2日,,,30.7%,38%,9.7%,21.6%,national,13th,http://news.rti.org.tw/index_newsContent.aspx?nid=326240,
TVBS,2011年11月3日,,,35%,38%,14%,13%,national,13th,http://www1.tvbs.com.tw/FILE_DB/PCH/201111/pekqbt0oh2.pdf,
中國時報,2011年11月3日,,,35.3%,41.2%,11.3%,12.2%,national,13th,http://www.youtube.com/watch?v=Q55nWhTIaNg,
精湛,2011年11月4日,,,38.6%,39.5%,12.9%,9.1%,national,13th,http://www.taiwanthinktank.org/page/chinese_attachment_1/2276/2011_1105_all.pdf,
中國時報,2011年11月4日,,,35.6%,42%,10.6%,11.8%,national,13th,http://www.youtube.com/watch?v=ZyU3hCY8Mbc,
中國時報,2011年11月5日,,,37.3%,41.4%,10.1%,11.2%,national,13th,http://www.youtube.com/watch?v=ZyU3hCY8Mbc,
中國時報,2011年11月6日,,,38.2%,41.7%,10.4%,9.7%,national,13th,http://www.youtube.com/watch?v=TpRXlogYSgg,
台灣蓋洛普,2011年11月6日,,,25.6%,32.4%,8.2%,33.8%,national,13th,http://www.libertytimes.com.tw/2011/new/nov/11/today-fo4.htm,
山水民調,2011年11月7日,,,33.2%,35%,13.1%,18.7%,national,13th,http://www.nownews.com/2011/11/08/301-2755831.htm,
中國時報,2011年11月7日,,,39.1%,42.3%,9.7%,8.9%,national,13th,http://www.youtube.com/watch?v=TpRXlogYSgg,
中國時報,2011年11月8日,,,39.3%,42%,9.3%,9.4%,national,13th,http://www.youtube.com/watch?v=BuWNyQKq708,
自由時報,2011年11月9日,,,32.97%,33.58%,11.17%,22.27%,national,13th,http://www.libertytimes.com.tw/2011/new/nov/10/today-fo1.htm,
中國時報,2011年11月9日,,,38.5%,41.4%,10.3%,9.8%,national,13th,http://www.youtube.com/watch?v=BuWNyQKq708,
TVBS,2011年11月10日,,,38%,39%,9%,14%,national,13th,http://www1.tvbs.com.tw/FILE_DB/PCH/201111/flstnt7y45.pdf,
中國時報,2011年11月10日,,,38.1%,41.6%,10.7%,9.6%,national,13th,http://www.youtube.com/watch?v=BuWNyQKq708,
中國時報,2011年11月11日,,,38.3%,41.6%,9.5%,10.6%,national,13th,http://www.youtube.com/watch?v=FgNgPeMVrws,
聯合報系,2011年11月12日,,,36%,41%,9%,13%,national,13th,http://udn.com/NEWS/NATIONAL/NATS5/6714516.shtml,
中國時報,2011年11月14日,,,39%,41.2%,9.4%,10.4%,national,13th,http://www.youtube.com/watch?v=ER4QF4UdrZA,
中國時報,2011年11月15日,,,38.1%,42.4%,9.5%,10%,national,13th,http://www.youtube.com/watch?v=MAsJNzAhSdo,
TVBS,2011年11月16日,,,39%,39%,9%,12%,national,13th,http://www1.tvbs.com.tw/FILE_DB/PCH/201111/v31gui8rzn.pdf,
中國時報,2011年11月16日,,,37.9%,43.3%,9.1%,9.7%,national,13th,http://www.youtube.com/watch?v=ukatkaLt-Zk,
中國時報,2011年11月17日,,,37.6%,43.4%,9.4%,9.6%,national,13th,http://www.youtube.com/watch?v=Hm-EOC9xuAk,
北市教大,2011年11月18日,,,30.2%,37.2%,7.7%,24.9%,national,13th,http://tw.nextmedia.com/applenews/article/art_id/33830841/IssueID/20111121,
中國時報,2011年11月18日,,,37.6%,43.2%,10%,9.2%,national,13th,http://www.youtube.com/watch?v=uHBR3bXQe30,
精湛,2011年11月18日,,,39.6%,38.7%,11.7%,10%,national,13th,http://www.taiwanthinktank.org/page/chinese_attachment_4/2282/20111102_3.pdf,
決策,2011年11月20日,,,40.1%,33.5%,11.2%,15.2%,national,13th,http://newtalk.tw/news_read.php?oid=19749,
中國時報,2011年11月21日,,,36.8%,44.7%,9.7%,8.8%,national,13th,http://www.youtube.com/watch?v=LUlJpeempSE,
中國時報,2011年11月22日,,,38.7%,43.6%,9.8%,7.9%,national,13th,http://www.youtube.com/watch?v=AtNOvWxBh6Q,
自由時報,2011年11月23日,,,35.79%,33.39%,9.8%,21.02%,national,13th,http://www.libertytimes.com.tw/2011/new/nov/24/today-fo3.htm,
山水民調,2011年11月23日,,,35.8%,39%,9.9%,14.8%,national,13th,http://www.nownews.com/2011/11/24/11755-2760512.htm,
中國時報,2011年11月23日,,,39.8%,42%,9.4%,8.8%,national,13th,http://www.youtube.com/watch?v=OLsvXimwqwM,
TVBS,2011年11月23日,,,38%,40%,7%,15%,national,13th,http://www1.tvbs.com.tw/FILE_DB/PCH/201111/e67bk3ep1a.pdf,
中國時報,2011年11月24日,,,40.3%,40.7%,10.3%,8.7%,national,13th,http://www.youtube.com/watch?v=TXLkO6267Lc,
中國時報,2011年11月25日,,,39.2%,42.6%,9.3%,8.9%,national,13th,http://www.youtube.com/watch?v=svcBOdtDRic,
聯合報系,2011年11月27日,,,35%,41%,10%,14%,national,13th,http://udn.com/NEWS/NATIONAL/NATS3/6748188.shtml,
中國時報,2011年11月28日,,,37.6%,42.7%,9.5%,10.2%,national,13th,http://www.youtube.com/watch?v=dKavlIDKobg,
中國時報,2011年11月29日,,,35.2%,43%,8.4%,13.4%,national,13th,http://www.youtube.com/watch?v=RAQOGvNeMUI,
中國時報,2011年11月30日,,,35.1%,41.8%,8.3%,14.8%,national,13th,http://www.youtube.com/watch?v=Ab5My2PGHks,
山水民調,2011年11月30日,,,32.1%,36.7%,10%,21.2%,national,13th,http://www.tapod.org/research1.asp?rNo=28,
TVBS,2011年12月1日,,,34%,40%,7%,19%,national,13th,http://www1.tvbs.com.tw/FILE_DB/PCH/201112/07q7090so3.pdf,
中國時報,2011年12月2日,,,36.1%,43.5%,7%,13.4%,national,13th,http://www.youtube.com/watch?v=1JV1gwKYYBQ,
中國時報,2011年12月2日,,,37.5%,43.4%,7.7%,11.4%,national,13th,http://www.youtube.com/watch?v=3T5chX75dH4,
TVBS,2011年12月3日,,,32%,38%,12%,18%,national,13th,http://www1.tvbs.com.tw/FILE_DB/PCH/201112/neijdxzcud.pdf,
聯合報系,2011年12月3日,,,32%,39%,10%,17%,national,13th,http://udn.com/NEWS/NATIONAL/NATS1/6759443.shtml,
蘋果日報,2011年12月3日,,,36.9%,47.04%,12.11%,3.95%,national,13th,http://tw.nextmedia.com/applenews/article/art_id/33863098/IssueID/20111204,
中國時報,2011年12月3日,,,32.6%,39.9%,8.9%,18.6%,national,13th,http://www.youtube.com/watch?v=3T5chX75dH4,
山水民調,2011年12月5日,,,32.9%,39%,7%,21.2%,national,13th,http://www.nownews.com/2011/12/06/10844-2763927.htm,
中國時報,2011年12月5日,,,37.2%,43.7%,8.3%,10.8%,national,13th,http://www.youtube.com/watch?v=6qm34ZsbZjM,
世新大學,2011年12月5日,,,28.6%,33.9%,8.3%,30.7%,national,13th,http://mag.udn.com/mag/newsstand/storypage.jsp?f_MAIN_ID=76&f_SUB_ID=412&f_ART_ID=359020,
中國時報,2011年12月6日,,,36.9%,42%,9.8%,11.3%,national,13th,http://www.youtube.com/watch?v=y74mNqX657Y,
中國時報,2011年12月7日,,,36.3%,43.2%,9%,11.5%,national,13th,http://www.youtube.com/watch?v=I4VvMgOljyQ,
TVBS,2011年12月7日,,,37%,41%,8%,14%,national,13th,http://www1.tvbs.com.tw/FILE_DB/PCH/201112/h35ncmhup1.pdf,
北市教大,2011年12月7日,,,27.7%,35.5%,7.2%,29.6%,national,13th,http://tw.nextmedia.com/applenews/article/art_id/33878451/IssueID/20111210,
精湛,2011年12月8日,,,35.9%,35.4%,10.8%,17.9%,national,13th,http://www.taiwanthinktank.org/page/chinese_attachment_2/2299/2011_1209_1.pdf,
中國時報,2011年12月8日,,,35.9%,43.9%,8.9%,11.3%,national,13th,http://www.youtube.com/watch?v=jLq9q-JnjLI,
中國時報,2011年12月9日,,,36.4%,43.2%,8.7%,11.7%,national,13th,http://www.youtube.com/watch?v=t12JPVJL40o,
TVBS,2011年12月10日,,,39%,39%,6%,16%,national,13th,http://www1.tvbs.com.tw/FILE_DB/PCH/201112/7j2bt7844x.pdf,
中國時報,2011年12月10日,,,35.1%,42.7%,7.1%,15.1%,national,13th,http://www.youtube.com/watch?v=t12JPVJL40o,
聯合報系,2011年12月10日,,,33%,40%,10%,16%,national,13th,http://udn.com/NEWS/NATIONAL/NAT2/6774026.shtml,
聯合報系,2011年12月12日,,,35%,42%,10%,13%,national,13th,http://udn.com/NEWS/NATIONAL/NATS3/6780162.shtml,
中國時報,2011年12月12日,,,36.8%,41.3%,8.4%,13.5%,national,13th,http://www.youtube.com/watch?v=IPgFUX-L1yo,
山水民調,2011年12月12日,,,36%,36.3%,5.9%,20.1%,national,13th,http://www.new7.com.tw/NewsView.aspx?i=TXT20111214154038G9B,
中國時報,2011年12月13日,,,39.1%,40.1%,8%,12.8%,national,13th,http://www.youtube.com/watch?v=wi3-_UgAKSs,
TVBS,2011年12月14日,,,38%,40%,7%,15%,national,13th,http://www1.tvbs.com.tw/FILE_DB/PCH/201112/4txho4l1yh.pdf,
中國時報,2011年12月14日,,,38.7%,39.7%,8.2%,13.4%,national,13th,http://www.youtube.com/watch?v=jACGgewRM7c,
自由時報,2011年12月15日,,,33.26%,34.5%,10.81%,21.43%,national,13th,http://www.libertytimes.com.tw/2011/new/dec/16/today-p1.htm,
中國時報,2011年12月15日,,,37.1%,41.8%,8.2%,13.8%,national,13th,http://www.youtube.com/watch?v=I5wpcLa3Uek,
中國時報,2011年12月16日,,,36.7%,41.8%,8.2%,14.2%,national,13th,http://www.youtube.com/watch?v=GsxEOYAddLI,
TVBS,2011年12月17日,,,36%,40%,7%,17%,national,13th,http://www1.tvbs.com.tw/FILE_DB/PCH/201112/o4x5p7ztex.pdf,
中國時報,2011年12月17日,,,37.7%,38.5%,7.7%,16%,national,13th,http://news.chinatimes.com/focus/501010166/112011121800089.html,
聯合報系,2011年12月17日,,,33%,41%,10%,15%,national,13th,http://udn.com/NEWS/NATIONAL/NAT4/6788645.shtml,
中國時報,2011年12月19日,,,37.3%,41.9%,7.2%,13.6%,national,13th,http://www.youtube.com/watch?v=7BvttwfkZNQ,
山水民調,2011年12月19日,,,33.4%,36.5%,8.5%,21.6%,national,13th,http://www.new7.com.tw/SNewsView.aspx?Key=%e6%b0%91%e8%aa%bf&i=TXT20111221154113MPH&p=,
中國時報,2011年12月20日,,,36.8%,42.2%,7.4%,13.6%,national,13th,http://www.youtube.com/watch?v=Fbz-ZctSok4,
中國時報,2011年12月21日,,,37.1%,42.3%,6.6%,14%,national,13th,http://www.youtube.com/watch?v=lPtozrQlPDk,
北市教大,2011年12月21日,,,32.2%,40.2%,5.5%,22.1%,national,13th,http://tw.nextmedia.com/applenews/article/art_id/33910691/IssueID/20111224,
中國時報,2011年12月22日,,,36%,42.3%,7%,14.7%,national,13th,http://zh-tw.facebook.com/media/set/?set=a.240721949309028.58611.240275342687022&type=3,
自由時報,2011年12月22日,,,35.05%,35.77%,9.7%,19.48%,national,13th,http://www.libertytimes.com.tw/2011/new/dec/23/today-fo5.htm,
TVBS,2011年12月22日,,,35%,41%,8%,16%,national,13th,http://www1.tvbs.com.tw/FILE_DB/PCH/201112/v4l19zlp87.pd,
中國時報,2011年12月23日,,,36.2%,42.2%,6.8%,14.8%,national,13th,http://zh-tw.facebook.com/media/set/?set=a.240721949309028.58611.240275342687022&type=3,
精湛,2011年12月24日,,,39.1%,39.5%,11.1%,10.3%,national,13th,http://www.nownews.com/2011/12/26/91-2770006.htm,
決策,2011年12月24日,,,40.4%,38.3%,7.3%,14%,national,13th,http://www.nownews.com/2011/12/29/11754-2771125.htm,
中國時報,2011年12月26日,,,37.1%,41.3%,7.5%,14.1%,national,13th,http://www.youtube.com/watch?v=bz4rv6ZI2sE,
中國時報,2011年12月26日,,,36.8%,41.6%,6.8%,14.8%,national,13th,http://www.youtube.com/watch?v=bz4rv6ZI2sE,
觀察家,2011年12月26日,,,29%,33.3%,7%,30.7%,national,13th,http://www.new7.com.tw/SNewsView.aspx?Key=%e6%b0%91%e8%aa%bf&i=TXT20111228151742HHH&p=,
TVBS,2011年12月27日,,,38%,44%,6%,12%,national,13th,http://www1.tvbs.com.tw/FILE_DB/PCH/201112/gd20na7q2m.pdf,
中國時報,2011年12月27日,,,38%,40.7%,7.7%,13.6%,national,13th,http://www.youtube.com/watch?v=LyJ9lOCe0ic,
中國時報,2011年12月28日,,,38.5%,41.3%,6.6%,13.6%,national,13th,http://www.youtube.com/watch?v=U-AZs5Gd2eY,
TVBS,2011年12月29日,,,35%,44%,7%,13%,national,13th,http://www1.tvbs.com.tw/FILE_DB/PCH/201112/35go8xiggh.pdf,
山水民調,2011年12月29日,,,31.5%,37.6%,6.6%,24.4%,national,13th,http://www.nownews.com/2011/12/30/11755-2771414.htm,
山水民調,2011年12月30日,,,32.6%,35.9%,7.3%,24.4%,national,13th,http://www.nownews.com/2011/12/31/91-2771816.htm,
北市教大,2011年12月30日,,,35.7%,42.2%,6.2%,15.9%,national,13th,http://tw.nextmedia.com/applenews/article/art_id/33930685/IssueID/20120102,
山水民調,2011年12月31日,,,33.3%,37.1%,6.9%,22.7%,national,13th,http://www.nownews.com/2012/01/01/301-2772006.htm,
精湛,2011年12月31日,,,37.8%,38.8%,11.6%,11.8%,national,13th,http://www.taiwanthinktank.org/chinese/page/5/71/2325/0,
山水民調,2012年1月1日,,,33.1%,37.2%,7.2%,22.5%,national,13th,http://www.nownews.com/2012/01/02/301-2772159.htm,
聯合報系,2012年1月2日,,,36%,44%,7%,13%,national,13th,http://udn.com/NEWS/NATIONAL/NATS4/6820676.shtml,
中國時報,2012年1月2日,,,36.5%,39.5%,5.8%,18.2%,national,13th,http://news.chinatimes.com/focus/11050105/112012010300086.html,
山水民調,2012年1月2日,,,33.1%,37.2%,7.2%,22.5%,national,13th,http://www.nownews.com/2012/01/02/301-2772159.htm,
,,,,,,,,,,,
趨勢,2008年2月13日,,,32.4%,47%,0%,20.6%,national,12th,http://www.gvsrc.com/dispPageBox/GVSRCPJ.aspx?ddsPageID=TREND&,
趨勢,2008年2月15日,,,30.1%,46.4%,0%,23.5%,national,12th,http://www.gvsrc.com/dispPageBox/GVSRCPJ.aspx?ddsPageID=TREND&,
趨勢,2008年2月17日,,,29%,46.3%,0%,24.7%,national,12th,http://www.gvsrc.com/dispPageBox/GVSRCPJ.aspx?ddsPageID=TREND&,
趨勢,2008年2月18日,,,29.2%,47.7%,0%,23.1%,national,12th,http://www.gvsrc.com/dispPageBox/GVSRCPJ.aspx?ddsPageID=TREND&,
趨勢,2008年2月19日,,,29.6%,49%,0%,21.4%,national,12th,http://www.gvsrc.com/dispPageBox/GVSRCPJ.aspx?ddsPageID=TREND&,
趨勢,2008年2月20日,,,28.9%,49%,0%,22.1%,national,12th,http://www.gvsrc.com/dispPageBox/GVSRCPJ.aspx?ddsPageID=TREND&,
趨勢,2008年2月21日,,,29.2%,46.9%,0%,23.9%,national,12th,http://www.gvsrc.com/dispPageBox/GVSRCPJ.aspx?ddsPageID=TREND&,
趨勢,2008年2月22日,,,27.6%,47.9%,0%,24.5%,national,12th,http://www.gvsrc.com/dispPageBox/GVSRCPJ.aspx?ddsPageID=TREND&,
趨勢,2008年2月24日,,,26.8%,49%,0%,24.2%,national,12th,http://www.gvsrc.com/dispPageBox/GVSRCPJ.aspx?ddsPageID=TREND&,
趨勢,2008年2月25日,,,26.3%,49.4%,0%,24.3%,national,12th,http://www.gvsrc.com/dispPageBox/GVSRCPJ.aspx?ddsPageID=TREND&,
趨勢,2008年2月26日,,,28.1%,47.9%,0%,24%,national,12th,http://www.gvsrc.com/dispPageBox/GVSRCPJ.aspx?ddsPageID=TREND&,
趨勢,2008年2月27日,,,30.4%,47.2%,0%,22.4%,national,12th,http://www.gvsrc.com/dispPageBox/GVSRCPJ.aspx?ddsPageID=TREND&,
趨勢,2008年2月28日,,,31%,44.5%,0%,24.5%,national,12th,http://www.gvsrc.com/dispPageBox/GVSRCPJ.aspx?ddsPageID=TREND&,
趨勢,2008年2月29日,,,29.4%,43.9%,0%,26.7%,national,12th,http://www.gvsrc.com/dispPageBox/GVSRCPJ.aspx?ddsPageID=TREND&,
趨勢,2008年3月2日,,,28.4%,43.4%,0%,28.2%,national,12th,http://www.gvsrc.com/dispPageBox/GVSRCPJ.aspx?ddsPageID=TREND&,
趨勢,2008年3月3日,,,27.3%,44.9%,0%,27.8%,national,12th,http://www.gvsrc.com/dispPageBox/GVSRCPJ.aspx?ddsPageID=TREND&,
趨勢,2008年3月4日,,,28.7%,45.8%,0%,25.5%,national,12th,http://www.gvsrc.com/dispPageBox/GVSRCPJ.aspx?ddsPageID=TREND&,
趨勢,2008年3月5日,,,29.7%,46.2%,0%,24.1%,national,12th,http://www.gvsrc.com/dispPageBox/GVSRCPJ.aspx?ddsPageID=TREND&,
趨勢,2008年3月6日,,,29.8%,47%,0%,23.2%,national,12th,http://www.gvsrc.com/dispPageBox/GVSRCPJ.aspx?ddsPageID=TREND&,
趨勢,2008年3月7日,,,28.4%,44.5%,0%,27.1%,national,12th,http://www.gvsrc.com/dispPageBox/GVSRCPJ.aspx?ddsPageID=TREND&,
趨勢,2008年3月9日,,,26.8%,44.4%,0%,28.8%,national,12th,http://www.gvsrc.com/dispPageBox/GVSRCPJ.aspx?ddsPageID=TREND&,
趨勢,2008年3月10日,,,26.9%,45.5%,0%,27.6%,national,12th,http://www.gvsrc.com/dispPageBox/GVSRCPJ.aspx?ddsPageID=TREND&,
趨勢,2008年3月11日,,,28%,47.4%,0%,24.6%,national,12th,http://www.gvsrc.com/dispPageBox/GVSRCPJ.aspx?ddsPageID=TREND&,
趨勢,2008年3月12日,,,28.3%,49%,0%,22.7%,national,12th,http://www.gvsrc.com/dispPageBox/GVSRCPJ.aspx?ddsPageID=TREND&,
趨勢,2008年3月13日,,,29.3%,48.4%,0%,22.3%,national,12th,http://www.gvsrc.com/dispPageBox/GVSRCPJ.aspx?ddsPageID=TREND&,
趨勢,2008年3月14日,,,28.9%,47.5%,0%,23.6%,national,12th,http://www.gvsrc.com/dispPageBox/GVSRCPJ.aspx?ddsPageID=TREND&,
趨勢,2008年3月16日,,,30.7%,46.3%,0%,23%,national,12th,http://www.gvsrc.com/dispPageBox/GVSRCPJ.aspx?ddsPageID=TREND&,
趨勢,2008年3月17日,,,29.6%,46.2%,0%,24.2%,national,12th,http://www.gvsrc.com/dispPageBox/GVSRCPJ.aspx?ddsPageID=TREND&,
趨勢,2008年3月18日,,,31.4%,46.8%,0%,21.8%,national,12th,http://www.gvsrc.com/dispPageBox/GVSRCPJ.aspx?ddsPageID=TREND&,
趨勢,2008年3月19日,,,31.4%,46.4%,0%,22.2%,national,12th,http://www.gvsrc.com/dispPageBox/GVSRCPJ.aspx?ddsPageID=TREND&,
趨勢,2008年3月20日,,,31.6%,46%,0%,22.4%,national,12th,http://www.gvsrc.com/dispPageBox/GVSRCPJ.aspx?ddsPageID=TREND&,
趨勢,2008年3月21日,,,29.8%,45.6%,0%,24.6%,national,12th,http://www.gvsrc.com/dispPageBox/GVSRCPJ.aspx?ddsPageID=TREND&,
TVBS,2007年8月16日,,,30%,51%,0%,19%,national,12th,http://www1.tvbs.com.tw/FILE_DB/DL_DB/even/200803/even-20080328162638.pdf,
TVBS,2007年8月29日,,,32%,54%,0%,14%,national,12th,http://www1.tvbs.com.tw/FILE_DB/DL_DB/even/200803/even-20080328162638.pdf,
TVBS,2007年9月20日,,,30%,53%,0%,17%,national,12th,http://www1.tvbs.com.tw/FILE_DB/DL_DB/even/200803/even-20080328162638.pdf,
TVBS,2008年1月16日,,,26%,56%,0%,18%,national,12th,http://www1.tvbs.com.tw/FILE_DB/DL_DB/even/200803/even-20080328162638.pdf,
TVBS,2008年1月30日,,,26%,53%,0%,21%,national,12th,http://www1.tvbs.com.tw/FILE_DB/DL_DB/even/200803/even-20080328162638.pdf,
TVBS,2008年1月31日,,,30%,56%,0%,14%,national,12th,http://www1.tvbs.com.tw/FILE_DB/DL_DB/even/200803/even-20080328162638.pdf,
TVBS,2008年2月15日,,,29%,53%,0%,18%,national,12th,http://www1.tvbs.com.tw/FILE_DB/DL_DB/even/200803/even-20080328162638.pdf,
TVBS,2008年2月22日,,,31%,53%,0%,16%,national,12th,http://www1.tvbs.com.tw/FILE_DB/DL_DB/even/200803/even-20080328162638.pdf,
TVBS,2008年2月24日,,,29%,49%,0%,22%,national,12th,http://www1.tvbs.com.tw/FILE_DB/DL_DB/even/200803/even-20080328162638.pdf,
TVBS,2008年2月29日,,,30%,54%,0%,16%,national,12th,http://www1.tvbs.com.tw/FILE_DB/DL_DB/even/200803/even-20080328162638.pdf,
TVBS,2008年3月8日,,,28%,54%,0%,18%,national,12th,http://www1.tvbs.com.tw/FILE_DB/DL_DB/even/200803/even-20080328162638.pdf,
TVBS,2008年3月9日,,,31%,50%,0%,19%,national,12th,http://www1.tvbs.com.tw/FILE_DB/DL_DB/even/200803/even-20080328162638.pdf,
TVBS,2008年3月10日,,,29%,53%,0%,18%,national,12th,http://www1.tvbs.com.tw/FILE_DB/DL_DB/even/200803/even-20080328162638.pdf,
TVBS,2008年3月11日,,,29%,54%,0%,17%,national,12th,http://www1.tvbs.com.tw/FILE_DB/DL_DB/even/200803/even-20080328162638.pdf,
TVBS,2008年3月12日,,,30%,47%,0%,23%,national,12th,http://www1.tvbs.com.tw/FILE_DB/DL_DB/even/200803/even-20080328162638.pdf,
TVBS,2008年3月13日,,,32%,47%,0%,21%,national,12th,http://www1.tvbs.com.tw/FILE_DB/DL_DB/even/200803/even-20080328162638.pdf,
TVBS,2008年3月14日,,,29%,51%,0%,20%,national,12th,http://www1.tvbs.com.tw/FILE_DB/DL_DB/even/200803/even-20080328162638.pdf,
TVBS,2008年3月17日,,,28%,54%,0%,18%,national,12th,http://www1.tvbs.com.tw/FILE_DB/DL_DB/even/200803/even-20080328162638.pdf,
TVBS,2008年3月18日,,,31%,50%,0%,19%,national,12th,http://www1.tvbs.com.tw/FILE_DB/DL_DB/even/200803/even-20080328162638.pdf,
TVBS,2008年3月19日,,,30%,52%,0%,18%,national,12th,http://www1.tvbs.com.tw/FILE_DB/DL_DB/even/200803/even-20080328162638.pdf,
TVBS,2008年3月20日,,,31%,53%,0%,16%,national,12th,http://www1.tvbs.com.tw/FILE_DB/DL_DB/even/200803/even-20080328162638.pdf,
TVBS,2008年3月21日,1110,2.9,29%,51%,0%,20%,national,12th,http://www.gvsrc.com/dispPageBox/GVSRCPJ.aspx?ddsPageID=TREND&,
聯合報系,2007年8月13日,,,27%,40%,0%,33%,national,12th,http://www.wpoforum.com/viewtopic.php?fid=1&tid=27931,
聯合報系,2007年8月14日,,,22%,52%,0%,26%,national,12th,http://www.wpoforum.com/viewtopic.php?fid=1&tid=27932,
聯合報系,2007年9月22日,,,27%,51%,0%,22%,national,12th,http://www.wpoforum.com/viewtopic.php?fid=1&tid=27933,
聯合報系,2007年10月24日,,,25%,50%,0%,25%,national,12th,http://www.wpoforum.com/viewtopic.php?fid=1&tid=27934,
聯合報系,2007年12月28日,,,23%,52%,0%,25%,national,12th,http://www.wpoforum.com/viewtopic.php?fid=1&tid=27935,
聯合報系,2008年1月13日,,,18%,60%,0%,22%,national,12th,http://www.wpoforum.com/viewtopic.php?fid=1&tid=27936,
聯合報系,2008年1月26日,,,23%,54%,0%,23%,national,12th,http://www.wpoforum.com/viewtopic.php?fid=1&tid=27937,
聯合報系,2008年2月14日,,,18%,56%,0%,26%,national,12th,http://www.wpoforum.com/viewtopic.php?fid=1&tid=27938,
中山大學,2008年1月14日,,,16.2%,40.8%,0%,43%,national,12th,http://www.appledaily.com.tw/appledaily/article/headline/20080310/30338969/,蘋果日報
中山大學,2008年2月12日,,,19.5%,36.3%,0%,44.2%,national,12th,http://www.appledaily.com.tw/appledaily/article/headline/20080310/30338969/,蘋果日報
中山大學,2008年3月6日,,,19.8%,41.3%,0%,38.9%,national,12th,http://www.appledaily.com.tw/appledaily/article/headline/20080310/30338969/,蘋果日報
中國時報,2008年1月25日,,,23%,46%,0%,31%,national,12th,http://hk.crntt.com/doc/1005/6/9/0/100569055.html?coluid=7&kindid=0&docid=100569055,
中國時報,2008年2月25日,,,22.7%,48.6%,0%,28.7%,national,12th,http://www.npf.org.tw/2/4312,
中國時報,2008年3月9日,,,21.1%,52.7%,0%,26.2%,national,12th,http://www.npf.org.tw/2/4313,
中國時報,2008年3月10日,,,21.8%,48.9%,0%,29.3%,national,12th,http://www.npf.org.tw/2/4314,
年代民調中心,2007年5月8日,1075,3,28.3%,45%,0%,26.7%,national,12th,http://survey.eracom.com.tw/file/productimages25/070508-01.pdf,
,,,,,,,,,,,
TVBS,2003年4月14日,,,32%,53%,0%,15%,national,11th,https://www.tpsr.tw/sites/tpsr/files/papers/10-1-2.pdf,
TVBS,2003年5月15日,,,31%,52%,0%,17%,national,11th,https://www.tpsr.tw/sites/tpsr/files/papers/10-1-2.pdf,
TVBS,2003年6月3日,,,32%,53%,0%,15%,national,11th,https://www.tpsr.tw/sites/tpsr/files/papers/10-1-2.pdf,
TVBS,2003年6月30日,,,33%,51%,0%,16%,national,11th,https://www.tpsr.tw/sites/tpsr/files/papers/10-1-2.pdf,
TVBS,2003年8月12日,,,31%,52%,0%,17%,national,11th,https://www.tpsr.tw/sites/tpsr/files/papers/10-1-2.pdf,
TVBS,2003年9月16日,,,31%,54%,0%,15%,national,11th,https://www.tpsr.tw/sites/tpsr/files/papers/10-1-2.pdf,
TVBS,2003年9月29日,,,31%,47%,0%,22%,national,11th,https://www.tpsr.tw/sites/tpsr/files/papers/10-1-2.pdf,
TVBS,2003年10月23日,,,34%,48%,0%,18%,national,11th,https://www.tpsr.tw/sites/tpsr/files/papers/10-1-2.pdf,
TVBS,2003年10月30日,,,35%,41%,0%,24%,national,11th,https://www.tpsr.tw/sites/tpsr/files/papers/10-1-2.pdf,
TVBS,2003年11月3日,,,34%,44%,0%,22%,national,11th,https://www.tpsr.tw/sites/tpsr/files/papers/10-1-2.pdf,
TVBS,2003年11月10日,,,37%,40%,0%,23%,national,11th,https://www.tpsr.tw/sites/tpsr/files/papers/10-1-2.pdf,
TVBS,2003年11月25日,,,33%,46%,0%,21%,national,11th,https://www.tpsr.tw/sites/tpsr/files/papers/10-1-2.pdf,
TVBS,2003年12月4日,,,30%,41%,0%,29%,national,11th,https://www.tpsr.tw/sites/tpsr/files/papers/10-1-2.pdf,
TVBS,2003年12月11日,,,37%,41%,0%,22%,national,11th,https://www.tpsr.tw/sites/tpsr/files/papers/10-1-2.pdf,
TVBS,2003年12月26日,,,34%,45%,0%,21%,national,11th,https://www.tpsr.tw/sites/tpsr/files/papers/10-1-2.pdf,
TVBS,2004年1月3日,,,37%,48%,0%,15%,national,11th,https://www.tpsr.tw/sites/tpsr/files/papers/10-1-2.pdf,
TVBS,2004年1月16日,,,33%,47%,0%,20%,national,11th,https://www.tpsr.tw/sites/tpsr/files/papers/10-1-2.pdf,
TVBS,2004年1月30日,,,35%,47%,0%,18%,national,11th,https://www.tpsr.tw/sites/tpsr/files/papers/10-1-2.pdf,
TVBS,2004年2月6日,,,36%,45%,0%,19%,national,11th,https://www.tpsr.tw/sites/tpsr/files/papers/10-1-2.pdf,
TVBS,2004年2月14日,,,37%,43%,0%,20%,national,11th,https://www.tpsr.tw/sites/tpsr/files/papers/10-1-2.pdf,
TVBS,2004年2月21日,,,37%,44%,0%,19%,national,11th,https://www.tpsr.tw/sites/tpsr/files/papers/10-1-2.pdf,
TVBS,2004年2月28日,,,38%,41%,0%,21%,national,11th,https://www.tpsr.tw/sites/tpsr/files/papers/10-1-2.pdf,
TVBS,2004年3月1日,,,36%,43%,0%,21%,national,11th,https://www.tpsr.tw/sites/tpsr/files/papers/10-1-2.pdf,
TVBS,2004年3月3日,,,35%,40%,0%,25%,national,11th,https://www.tpsr.tw/sites/tpsr/files/papers/10-1-2.pdf,
TVBS,2004年3月8日,,,36%,40%,0%,24%,national,11th,https://www.tpsr.tw/sites/tpsr/files/papers/10-1-2.pdf,
TVBS,2004年3月12日,,,37%,42%,0%,21%,national,11th,https://www.tpsr.tw/sites/tpsr/files/papers/10-1-2.pdf,
TVBS,2004年3月15日,,,33%,46%,0%,21%,national,11th,https://www.tpsr.tw/sites/tpsr/files/papers/10-1-2.pdf,
TVBS,2004年3月16日,,,35%,43%,0%,22%,national,11th,https://www.tpsr.tw/sites/tpsr/files/papers/10-1-2.pdf,
TVBS,2004年3月17日,,,37%,46%,0%,17%,national,11th,https://www.tpsr.tw/sites/tpsr/files/papers/10-1-2.pdf,
TVBS,2004年3月18日,,,34%,44%,0%,22%,national,11th,https://www.tpsr.tw/sites/tpsr/files/papers/10-1-2.pdf,
TVBS,2004年3月19日,,,38%,39%,0%,23%,national,11th,https://www.tpsr.tw/sites/tpsr/files/papers/10-1-2.pdf,
年代民調,2003年12月25日,1537,,32%,39.9%,0%,28.1%,national,11th,https://books.google.com/books?id=pJUmE33ZmHcC&pg=PA187&lpg=PA187&dq=2004年代民調&source=bl&ots=U1m0L45Jfe&sig=j8iCGyOsnq3zz0NABounL8DTldg&hl=en&sa=X&ved=0ahUKEwj_8azGo4vRAhUEKCYKHfReDV8Q6AEIRzAH#v=onepage&q=2004年代民調&f=false,
年代民調,2003年12月29日,1544,,30.8%,40.9%,0%,28.3%,national,11th,https://books.google.com/books?id=pJUmE33ZmHcC&pg=PA187&lpg=PA187&dq=2004年代民調&source=bl&ots=U1m0L45Jfe&sig=j8iCGyOsnq3zz0NABounL8DTldg&hl=en&sa=X&ved=0ahUKEwj_8azGo4vRAhUEKCYKHfReDV8Q6AEIRzAH#v=onepage&q=2004年代民調&f=false,
年代民調,2003年12月31日,1512,,29.8%,39.3%,0%,30.9%,national,11th,https://books.google.com/books?id=pJUmE33ZmHcC&pg=PA187&lpg=PA187&dq=2004年代民調&source=bl&ots=U1m0L45Jfe&sig=j8iCGyOsnq3zz0NABounL8DTldg&hl=en&sa=X&ved=0ahUKEwj_8azGo4vRAhUEKCYKHfReDV8Q6AEIRzAH#v=onepage&q=2004年代民調&f=false,
年代民調,2004年1月5日,1714,,31.9%,38.9%,0%,29.2%,national,11th,https://books.google.com/books?id=pJUmE33ZmHcC&pg=PA187&lpg=PA187&dq=2004年代民調&source=bl&ots=U1m0L45Jfe&sig=j8iCGyOsnq3zz0NABounL8DTldg&hl=en&sa=X&ved=0ahUKEwj_8azGo4vRAhUEKCYKHfReDV8Q6AEIRzAH#v=onepage&q=2004年代民調&f=false,
年代民調,2004年1月8日,1651,,31.5%,37%,0%,31.5%,national,11th,https://books.google.com/books?id=pJUmE33ZmHcC&pg=PA187&lpg=PA187&dq=2004年代民調&source=bl&ots=U1m0L45Jfe&sig=j8iCGyOsnq3zz0NABounL8DTldg&hl=en&sa=X&ved=0ahUKEwj_8azGo4vRAhUEKCYKHfReDV8Q6AEIRzAH#v=onepage&q=2004年代民調&f=false,
年代民調,2004年1月12日,1762,,30.1%,38.5%,0%,31.4%,national,11th,https://books.google.com/books?id=pJUmE33ZmHcC&pg=PA187&lpg=PA187&dq=2004年代民調&source=bl&ots=U1m0L45Jfe&sig=j8iCGyOsnq3zz0NABounL8DTldg&hl=en&sa=X&ved=0ahUKEwj_8azGo4vRAhUEKCYKHfReDV8Q6AEIRzAH#v=onepage&q=2004年代民調&f=false,
年代民調,2004年1月15日,1561,,29.2%,39%,0%,31.8%,national,11th,https://books.google.com/books?id=pJUmE33ZmHcC&pg=PA187&lpg=PA187&dq=2004年代民調&source=bl&ots=U1m0L45Jfe&sig=j8iCGyOsnq3zz0NABounL8DTldg&hl=en&sa=X&ved=0ahUKEwj_8azGo4vRAhUEKCYKHfReDV8Q6AEIRzAH#v=onepage&q=2004年代民調&f=false,
年代民調,2004年1月16日,1978,,29.3%,40.7%,0%,30%,national,11th,https://books.google.com/books?id=pJUmE33ZmHcC&pg=PA187&lpg=PA187&dq=2004年代民調&source=bl&ots=U1m0L45Jfe&sig=j8iCGyOsnq3zz0NABounL8DTldg&hl=en&sa=X&ved=0ahUKEwj_8azGo4vRAhUEKCYKHfReDV8Q6AEIRzAH#v=onepage&q=2004年代民調&f=false,
年代民調,2004年2月1日,1659,,29.1%,40.1%,0%,30.8%,national,11th,https://books.google.com/books?id=pJUmE33ZmHcC&pg=PA187&lpg=PA187&dq=2004年代民調&source=bl&ots=U1m0L45Jfe&sig=j8iCGyOsnq3zz0NABounL8DTldg&hl=en&sa=X&ved=0ahUKEwj_8azGo4vRAhUEKCYKHfReDV8Q6AEIRzAH#v=onepage&q=2004年代民調&f=false,
年代民調,2004年2月5日,1536,,31.2%,38.9%,0%,29.9%,national,11th,https://books.google.com/books?id=pJUmE33ZmHcC&pg=PA187&lpg=PA187&dq=2004年代民調&source=bl&ots=U1m0L45Jfe&sig=j8iCGyOsnq3zz0NABounL8DTldg&hl=en&sa=X&ved=0ahUKEwj_8azGo4vRAhUEKCYKHfReDV8Q6AEIRzAH#v=onepage&q=2004年代民調&f=false,
年代民調,2004年2月9日,1822,,30%,39.3%,0%,30.7%,national,11th,https://books.google.com/books?id=pJUmE33ZmHcC&pg=PA187&lpg=PA187&dq=2004年代民調&source=bl&ots=U1m0L45Jfe&sig=j8iCGyOsnq3zz0NABounL8DTldg&hl=en&sa=X&ved=0ahUKEwj_8azGo4vRAhUEKCYKHfReDV8Q6AEIRzAH#v=onepage&q=2004年代民調&f=false,
年代民調,2004年2月1日,3219,1.7,29.8%,39.8%,0%,30.4%,national,11th,http://www.tisr.com.tw/wp-content/uploads/2012/05/2004_2012_CI3.pdf,
年代民調,2004年2月9日,3870,,30.3%,39.8%,0%,29.9%,national,11th,https://books.google.com/books?id=pJUmE33ZmHcC&pg=PA187&lpg=PA187&dq=2004年代民調&source=bl&ots=U1m0L45Jfe&sig=j8iCGyOsnq3zz0NABounL8DTldg&hl=en&sa=X&ved=0ahUKEwj_8azGo4vRAhUEKCYKHfReDV8Q6AEIRzAH#v=onepage&q=2004年代民調&f=false,
年代民調,2004年2月16日,3215,,33.1%,40%,0%,26.9%,national,11th,https://books.google.com/books?id=pJUmE33ZmHcC&pg=PA187&lpg=PA187&dq=2004年代民調&source=bl&ots=U1m0L45Jfe&sig=j8iCGyOsnq3zz0NABounL8DTldg&hl=en&sa=X&ved=0ahUKEwj_8azGo4vRAhUEKCYKHfReDV8Q6AEIRzAH#v=onepage&q=2004年代民調&f=false,
年代民調,2004年2月12日,2048,,30.5%,40.1%,0%,29.4%,national,11th,https://books.google.com/books?id=pJUmE33ZmHcC&pg=PA187&lpg=PA187&dq=2004年代民調&source=bl&ots=U1m0L45Jfe&sig=j8iCGyOsnq3zz0NABounL8DTldg&hl=en&sa=X&ved=0ahUKEwj_8azGo4vRAhUEKCYKHfReDV8Q6AEIRzAH#v=onepage&q=2004年代民調&f=false,
年代民調,2004年2月16日,1680,,32.8%,40.9%,0%,26.3%,national,11th,https://books.google.com/books?id=pJUmE33ZmHcC&pg=PA187&lpg=PA187&dq=2004年代民調&source=bl&ots=U1m0L45Jfe&sig=j8iCGyOsnq3zz0NABounL8DTldg&hl=en&sa=X&ved=0ahUKEwj_8azGo4vRAhUEKCYKHfReDV8Q6AEIRzAH#v=onepage&q=2004年代民調&f=false,
年代民調,2004年2月19日,1535,,33.3%,38.7%,0%,28%,national,11th,https://books.google.com/books?id=pJUmE33ZmHcC&pg=PA187&lpg=PA187&dq=2004年代民調&source=bl&ots=U1m0L45Jfe&sig=j8iCGyOsnq3zz0NABounL8DTldg&hl=en&sa=X&ved=0ahUKEwj_8azGo4vRAhUEKCYKHfReDV8Q6AEIRzAH#v=onepage&q=2004年代民調&f=false,
年代民調,2004年2月21日,1714,,34.3%,40.5%,0%,25.2%,national,11th,https://books.google.com/books?id=pJUmE33ZmHcC&pg=PA187&lpg=PA187&dq=2004年代民調&source=bl&ots=U1m0L45Jfe&sig=j8iCGyOsnq3zz0NABounL8DTldg&hl=en&sa=X&ved=0ahUKEwj_8azGo4vRAhUEKCYKHfReDV8Q6AEIRzAH#v=onepage&q=2004年代民調&f=false,
年代民調,2004年2月23日,1722,,33.8%,40%,0%,26.2%,national,11th,https://books.google.com/books?id=pJUmE33ZmHcC&pg=PA187&lpg=PA187&dq=2004年代民調&source=bl&ots=U1m0L45Jfe&sig=j8iCGyOsnq3zz0NABounL8DTldg&hl=en&sa=X&ved=0ahUKEwj_8azGo4vRAhUEKCYKHfReDV8Q6AEIRzAH#v=onepage&q=2004年代民調&f=false,
年代民調,2004年2月24日,1719,,34.39%,38.4%,0%,27.21%,national,11th,https://books.google.com/books?id=pJUmE33ZmHcC&pg=PA187&lpg=PA187&dq=2004年代民調&source=bl&ots=U1m0L45Jfe&sig=j8iCGyOsnq3zz0NABounL8DTldg&hl=en&sa=X&ved=0ahUKEwj_8azGo4vRAhUEKCYKHfReDV8Q6AEIRzAH#v=onepage&q=2004年代民調&f=false,
年代民調,2004年2月26日,1726,,33.7%,38.3%,0%,28%,national,11th,https://books.google.com/books?id=pJUmE33ZmHcC&pg=PA187&lpg=PA187&dq=2004年代民調&source=bl&ots=U1m0L45Jfe&sig=j8iCGyOsnq3zz0NABounL8DTldg&hl=en&sa=X&ved=0ahUKEwj_8azGo4vRAhUEKCYKHfReDV8Q6AEIRzAH#v=onepage&q=2004年代民調&f=false,
年代民調,2004年2月27日,1788,,35%,36.5%,0%,28.5%,national,11th,https://books.google.com/books?id=pJUmE33ZmHcC&pg=PA187&lpg=PA187&dq=2004年代民調&source=bl&ots=U1m0L45Jfe&sig=j8iCGyOsnq3zz0NABounL8DTldg&hl=en&sa=X&ved=0ahUKEwj_8azGo4vRAhUEKCYKHfReDV8Q6AEIRzAH#v=onepage&q=2004年代民調&f=false,
年代民調,2004年2月29日,1665,,35.4%,38%,0%,26.6%,national,11th,https://books.google.com/books?id=pJUmE33ZmHcC&pg=PA187&lpg=PA187&dq=2004年代民調&source=bl&ots=U1m0L45Jfe&sig=j8iCGyOsnq3zz0NABounL8DTldg&hl=en&sa=X&ved=0ahUKEwj_8azGo4vRAhUEKCYKHfReDV8Q6AEIRzAH#v=onepage&q=2004年代民調&f=false,
年代民調,2004年3月2日,1604,,35.1%,38.9%,0%,26%,national,11th,https://books.google.com/books?id=pJUmE33ZmHcC&pg=PA187&lpg=PA187&dq=2004年代民調&source=bl&ots=U1m0L45Jfe&sig=j8iCGyOsnq3zz0NABounL8DTldg&hl=en&sa=X&ved=0ahUKEwj_8azGo4vRAhUEKCYKHfReDV8Q6AEIRzAH#v=onepage&q=2004年代民調&f=false,
年代民調,2004年3月4日,1575,,34.6%,38.8%,0%,26.6%,national,11th,https://books.google.com/books?id=pJUmE33ZmHcC&pg=PA187&lpg=PA187&dq=2004年代民調&source=bl&ots=U1m0L45Jfe&sig=j8iCGyOsnq3zz0NABounL8DTldg&hl=en&sa=X&ved=0ahUKEwj_8azGo4vRAhUEKCYKHfReDV8Q6AEIRzAH#v=onepage&q=2004年代民調&f=false,
年代民調,2004年3月5日,1816,,34.1%,39%,0%,26.9%,national,11th,https://books.google.com/books?id=pJUmE33ZmHcC&pg=PA187&lpg=PA187&dq=2004年代民調&source=bl&ots=U1m0L45Jfe&sig=j8iCGyOsnq3zz0NABounL8DTldg&hl=en&sa=X&ved=0ahUKEwj_8azGo4vRAhUEKCYKHfReDV8Q6AEIRzAH#v=onepage&q=2004年代民調&f=false,
年代民調,2004年3月6日,2030,,33%,40%,0%,27%,national,11th,https://books.google.com/books?id=pJUmE33ZmHcC&pg=PA187&lpg=PA187&dq=2004年代民調&source=bl&ots=U1m0L45Jfe&sig=j8iCGyOsnq3zz0NABounL8DTldg&hl=en&sa=X&ved=0ahUKEwj_8azGo4vRAhUEKCYKHfReDV8Q6AEIRzAH#v=onepage&q=2004年代民調&f=false,
年代民調,2004年3月8日,2217,,34.9%,39.4%,0%,25.7%,national,11th,https://books.google.com/books?id=pJUmE33ZmHcC&pg=PA187&lpg=PA187&dq=2004年代民調&source=bl&ots=U1m0L45Jfe&sig=j8iCGyOsnq3zz0NABounL8DTldg&hl=en&sa=X&ved=0ahUKEwj_8azGo4vRAhUEKCYKHfReDV8Q6AEIRzAH#v=onepage&q=2004年代民調&f=false,
陳呂競選,2004/3/6,1864,,39.1%,38%,0%,22.9%,national,11th,https://books.google.com/books?id=pJUmE33ZmHcC&pg=PA187&lpg=PA187&dq=2004年代民調&source=bl&ots=U1m0L45Jfe&sig=j8iCGyOsnq3zz0NABounL8DTldg&hl=en&sa=X&ved=0ahUKEwj_8azGo4vRAhUEKCYKHfReDV8Q6AEIRzAH#v=onepage&q=2004年代民調&f=false,
陳水扁台,2004/2/29,2453,,39.5%,36.2%,0%,24.3%,national,11th,https://books.google.com/books?id=pJUmE33ZmHcC&pg=PA187&lpg=PA187&dq=2004年代民調&source=bl&ots=U1m0L45Jfe&sig=j8iCGyOsnq3zz0NABounL8DTldg&hl=en&sa=X&ved=0ahUKEwj_8azGo4vRAhUEKCYKHfReDV8Q6AEIRzAH#v=onepage&q=2004年代民調&f=false,
民進黨,2004/2/20,1169,,38.1%,36.4%,0%,25.5%,national,11th,https://books.google.com/books?id=pJUmE33ZmHcC&pg=PA187&lpg=PA187&dq=2004年代民調&source=bl&ots=U1m0L45Jfe&sig=j8iCGyOsnq3zz0NABounL8DTldg&hl=en&sa=X&ved=0ahUKEwj_8azGo4vRAhUEKCYKHfReDV8Q6AEIRzAH#v=onepage&q=2004年代民調&f=false,
民進黨,2004/1/29,1096,,37.9%,38.8%,0%,23.3%,national,11th,https://books.google.com/books?id=pJUmE33ZmHcC&pg=PA187&lpg=PA187&dq=2004年代民調&source=bl&ots=U1m0L45Jfe&sig=j8iCGyOsnq3zz0NABounL8DTldg&hl=en&sa=X&ved=0ahUKEwj_8azGo4vRAhUEKCYKHfReDV8Q6AEIRzAH#v=onepage&q=2004年代民調&f=false,
親民黨,2004/3/2,1241,,31%,38.7%,0%,30%,national,11th,https://books.google.com/books?id=pJUmE33ZmHcC&pg=PA187&lpg=PA187&dq=2004年代民調&source=bl&ots=U1m0L45Jfe&sig=j8iCGyOsnq3zz0NABounL8DTldg&hl=en&sa=X&ved=0ahUKEwj_8azGo4vRAhUEKCYKHfReDV8Q6AEIRzAH#v=onepage&q=2004年代民調&f=false,
山水民調,2004/3/6,1021,,39.3%,38.5%,0%,22.2%,national,11th,https://books.google.com/books?id=pJUmE33ZmHcC&pg=PA187&lpg=PA187&dq=2004年代民調&source=bl&ots=U1m0L45Jfe&sig=j8iCGyOsnq3zz0NABounL8DTldg&hl=en&sa=X&ved=0ahUKEwj_8azGo4vRAhUEKCYKHfReDV8Q6AEIRzAH#v=onepage&q=2004年代民調&f=false,
山水民調,2004/3/4,1126,,40.4%,39.5%,0%,20.1%,national,11th,https://books.google.com/books?id=pJUmE33ZmHcC&pg=PA187&lpg=PA187&dq=2004年代民調&source=bl&ots=U1m0L45Jfe&sig=j8iCGyOsnq3zz0NABounL8DTldg&hl=en&sa=X&ved=0ahUKEwj_8azGo4vRAhUEKCYKHfReDV8Q6AEIRzAH#v=onepage&q=2004年代民調&f=false,
山水民調,2004/2/28,1155,,37.8%,36.1%,0%,26.1%,national,11th,https://books.google.com/books?id=pJUmE33ZmHcC&pg=PA187&lpg=PA187&dq=2004年代民調&source=bl&ots=U1m0L45Jfe&sig=j8iCGyOsnq3zz0NABounL8DTldg&hl=en&sa=X&ved=0ahUKEwj_8azGo4vRAhUEKCYKHfReDV8Q6AEIRzAH#v=onepage&q=2004年代民調&f=false,
山水民調,2004/2/29,1047,,36.6%,37.3%,0%,26.1%,national,11th,https://books.google.com/books?id=pJUmE33ZmHcC&pg=PA187&lpg=PA187&dq=2004年代民調&source=bl&ots=U1m0L45Jfe&sig=j8iCGyOsnq3zz0NABounL8DTldg&hl=en&sa=X&ved=0ahUKEwj_8azGo4vRAhUEKCYKHfReDV8Q6AEIRzAH#v=onepage&q=2004年代民調&f=false,
山水民調,2004/2/25,1071,,39%,39.2%,0%,22%,national,11th,https://books.google.com/books?id=pJUmE33ZmHcC&pg=PA187&lpg=PA187&dq=2004年代民調&source=bl&ots=U1m0L45Jfe&sig=j8iCGyOsnq3zz0NABounL8DTldg&hl=en&sa=X&ved=0ahUKEwj_8azGo4vRAhUEKCYKHfReDV8Q6AEIRzAH#v=onepage&q=2004年代民調&f=false,
山水民調,2004/2/17,1064,,37.8%,38.3%,0%,23.9%,national,11th,https://books.google.com/books?id=pJUmE33ZmHcC&pg=PA187&lpg=PA187&dq=2004年代民調&source=bl&ots=U1m0L45Jfe&sig=j8iCGyOsnq3zz0NABounL8DTldg&hl=en&sa=X&ved=0ahUKEwj_8azGo4vRAhUEKCYKHfReDV8Q6AEIRzAH#v=onepage&q=2004年代民調&f=false,
山水民調,2004/2/10,1040,,36.1%,38.7%,0%,25.2%,national,11th,https://books.google.com/books?id=pJUmE33ZmHcC&pg=PA187&lpg=PA187&dq=2004年代民調&source=bl&ots=U1m0L45Jfe&sig=j8iCGyOsnq3zz0NABounL8DTldg&hl=en&sa=X&ved=0ahUKEwj_8azGo4vRAhUEKCYKHfReDV8Q6AEIRzAH#v=onepage&q=2004年代民調&f=false,
山水民調,2004/2/2,1068,,36.2%,37.9%,0%,25.9%,national,11th,https://books.google.com/books?id=pJUmE33ZmHcC&pg=PA187&lpg=PA187&dq=2004年代民調&source=bl&ots=U1m0L45Jfe&sig=j8iCGyOsnq3zz0NABounL8DTldg&hl=en&sa=X&ved=0ahUKEwj_8azGo4vRAhUEKCYKHfReDV8Q6AEIRzAH#v=onepage&q=2004年代民調&f=false,
山水民調,2004/1/27,1039,,34.9%,39.5%,0%,25.6%,national,11th,https://books.google.com/books?id=pJUmE33ZmHcC&pg=PA187&lpg=PA187&dq=2004年代民調&source=bl&ots=U1m0L45Jfe&sig=j8iCGyOsnq3zz0NABounL8DTldg&hl=en&sa=X&ved=0ahUKEwj_8azGo4vRAhUEKCYKHfReDV8Q6AEIRzAH#v=onepage&q=2004年代民調&f=false,
山水民調,2004/1/12,1114,,35.7%,39.2%,0%,25.1%,national,11th,https://books.google.com/books?id=pJUmE33ZmHcC&pg=PA187&lpg=PA187&dq=2004年代民調&source=bl&ots=U1m0L45Jfe&sig=j8iCGyOsnq3zz0NABounL8DTldg&hl=en&sa=X&ved=0ahUKEwj_8azGo4vRAhUEKCYKHfReDV8Q6AEIRzAH#v=onepage&q=2004年代民調&f=false,
山水民調,2004/1/6,978,,35.9%,39.3%,0%,24.8%,national,11th,https://books.google.com/books?id=pJUmE33ZmHcC&pg=PA187&lpg=PA187&dq=2004年代民調&source=bl&ots=U1m0L45Jfe&sig=j8iCGyOsnq3zz0NABounL8DTldg&hl=en&sa=X&ved=0ahUKEwj_8azGo4vRAhUEKCYKHfReDV8Q6AEIRzAH#v=onepage&q=2004年代民調&f=false,
山水民調,2003/12/29,1413,,34.8%,40%,0%,25.2%,national,11th,https://books.google.com/books?id=pJUmE33ZmHcC&pg=PA187&lpg=PA187&dq=2004年代民調&source=bl&ots=U1m0L45Jfe&sig=j8iCGyOsnq3zz0NABounL8DTldg&hl=en&sa=X&ved=0ahUKEwj_8azGo4vRAhUEKCYKHfReDV8Q6AEIRzAH#v=onepage&q=2004年代民調&f=false,
山水民調,2003/2/29,1014,,36.6%,35.5%,0%,27.9%,national,11th,https://books.google.com/books?id=pJUmE33ZmHcC&pg=PA187&lpg=PA187&dq=2004年代民調&source=bl&ots=U1m0L45Jfe&sig=j8iCGyOsnq3zz0NABounL8DTldg&hl=en&sa=X&ved=0ahUKEwj_8azGo4vRAhUEKCYKHfReDV8Q6AEIRzAH#v=onepage&q=2004年代民調&f=false,
國民黨,2004/3/4,1623,,30.5%,35.1%,0%,34.4%,national,11th,https://books.google.com/books?id=pJUmE33ZmHcC&pg=PA187&lpg=PA187&dq=2004年代民調&source=bl&ots=U1m0L45Jfe&sig=j8iCGyOsnq3zz0NABounL8DTldg&hl=en&sa=X&ved=0ahUKEwj_8azGo4vRAhUEKCYKHfReDV8Q6AEIRzAH#v=onepage&q=2004年代民調&f=false,
公信力民,2004/3/4,2739,,30.6%,35%,0%,34.4%,national,11th,https://books.google.com/books?id=pJUmE33ZmHcC&pg=PA187&lpg=PA187&dq=2004年代民調&source=bl&ots=U1m0L45Jfe&sig=j8iCGyOsnq3zz0NABounL8DTldg&hl=en&sa=X&ved=0ahUKEwj_8azGo4vRAhUEKCYKHfReDV8Q6AEIRzAH#v=onepage&q=2004年代民調&f=false,
聯合報,2004/2/29,1070,,35%,38%,0%,27%,national,11th,https://books.google.com/books?id=pJUmE33ZmHcC&pg=PA187&lpg=PA187&dq=2004年代民調&source=bl&ots=U1m0L45Jfe&sig=j8iCGyOsnq3zz0NABounL8DTldg&hl=en&sa=X&ved=0ahUKEwj_8azGo4vRAhUEKCYKHfReDV8Q6AEIRzAH#v=onepage&q=2004年代民調&f=false,
聯合報,2004/2/25,1161,,37%,40%,0%,23%,national,11th,https://books.google.com/books?id=pJUmE33ZmHcC&pg=PA187&lpg=PA187&dq=2004年代民調&source=bl&ots=U1m0L45Jfe&sig=j8iCGyOsnq3zz0NABounL8DTldg&hl=en&sa=X&ved=0ahUKEwj_8azGo4vRAhUEKCYKHfReDV8Q6AEIRzAH#v=onepage&q=2004年代民調&f=false,
聯合報,2004/2/21,1077,,35%,40%,0%,25%,national,11th,https://books.google.com/books?id=pJUmE33ZmHcC&pg=PA187&lpg=PA187&dq=2004年代民調&source=bl&ots=U1m0L45Jfe&sig=j8iCGyOsnq3zz0NABounL8DTldg&hl=en&sa=X&ved=0ahUKEwj_8azGo4vRAhUEKCYKHfReDV8Q6AEIRzAH#v=onepage&q=2004年代民調&f=false,
聯合報,2004/2/18,1206,,36%,42%,0%,22%,national,11th,https://books.google.com/books?id=pJUmE33ZmHcC&pg=PA187&lpg=PA187&dq=2004年代民調&source=bl&ots=U1m0L45Jfe&sig=j8iCGyOsnq3zz0NABounL8DTldg&hl=en&sa=X&ved=0ahUKEwj_8azGo4vRAhUEKCYKHfReDV8Q6AEIRzAH#v=onepage&q=2004年代民調&f=false,
聯合報,2004/2/14,1054,,35%,41%,0%,24%,national,11th,https://books.google.com/books?id=pJUmE33ZmHcC&pg=PA187&lpg=PA187&dq=2004年代民調&source=bl&ots=U1m0L45Jfe&sig=j8iCGyOsnq3zz0NABounL8DTldg&hl=en&sa=X&ved=0ahUKEwj_8azGo4vRAhUEKCYKHfReDV8Q6AEIRzAH#v=onepage&q=2004年代民調&f=false,
聯合報,2004/2/11,1250,,37%,41%,0%,22%,national,11th,https://books.google.com/books?id=pJUmE33ZmHcC&pg=PA187&lpg=PA187&dq=2004年代民調&source=bl&ots=U1m0L45Jfe&sig=j8iCGyOsnq3zz0NABounL8DTldg&hl=en&sa=X&ved=0ahUKEwj_8azGo4vRAhUEKCYKHfReDV8Q6AEIRzAH#v=onepage&q=2004年代民調&f=false,
聯合報,2004/2/4,1202,,39%,42%,0%,19%,national,11th,https://books.google.com/books?id=pJUmE33ZmHcC&pg=PA187&lpg=PA187&dq=2004年代民調&source=bl&ots=U1m0L45Jfe&sig=j8iCGyOsnq3zz0NABounL8DTldg&hl=en&sa=X&ved=0ahUKEwj_8azGo4vRAhUEKCYKHfReDV8Q6AEIRzAH#v=onepage&q=2004年代民調&f=false,
聯合報,2004/1/28,1510,,37%,40%,0%,23%,national,11th,https://books.google.com/books?id=pJUmE33ZmHcC&pg=PA187&lpg=PA187&dq=2004年代民調&source=bl&ots=U1m0L45Jfe&sig=j8iCGyOsnq3zz0NABounL8DTldg&hl=en&sa=X&ved=0ahUKEwj_8azGo4vRAhUEKCYKHfReDV8Q6AEIRzAH#v=onepage&q=2004年代民調&f=false,
聯合報,2004/1/15,1068,,35%,42%,0%,23%,national,11th,https://books.google.com/books?id=pJUmE33ZmHcC&pg=PA187&lpg=PA187&dq=2004年代民調&source=bl&ots=U1m0L45Jfe&sig=j8iCGyOsnq3zz0NABounL8DTldg&hl=en&sa=X&ved=0ahUKEwj_8azGo4vRAhUEKCYKHfReDV8Q6AEIRzAH#v=onepage&q=2004年代民調&f=false,
聯合報,2004/1/4,1374,,38%,44%,0%,18%,national,11th,https://books.google.com/books?id=pJUmE33ZmHcC&pg=PA187&lpg=PA187&dq=2004年代民調&source=bl&ots=U1m0L45Jfe&sig=j8iCGyOsnq3zz0NABounL8DTldg&hl=en&sa=X&ved=0ahUKEwj_8azGo4vRAhUEKCYKHfReDV8Q6AEIRzAH#v=onepage&q=2004年代民調&f=false,
聯合報,2004/3/4,2461,,37.6%,42.6%,0%,19.8%,national,11th,https://books.google.com/books?id=pJUmE33ZmHcC&pg=PA187&lpg=PA187&dq=2004年代民調&source=bl&ots=U1m0L45Jfe&sig=j8iCGyOsnq3zz0NABounL8DTldg&hl=en&sa=X&ved=0ahUKEwj_8azGo4vRAhUEKCYKHfReDV8Q6AEIRzAH#v=onepage&q=2004年代民調&f=false,
世新大學,2004/2/29,1079,,37.5%,41.1%,0%,21.4%,national,11th,https://books.google.com/books?id=pJUmE33ZmHcC&pg=PA187&lpg=PA187&dq=2004年代民調&source=bl&ots=U1m0L45Jfe&sig=j8iCGyOsnq3zz0NABounL8DTldg&hl=en&sa=X&ved=0ahUKEwj_8azGo4vRAhUEKCYKHfReDV8Q6AEIRzAH#v=onepage&q=2004年代民調&f=false,
世新大學,2004/2/14,1122,,37.1%,42.9%,0%,20%,national,11th,https://books.google.com/books?id=pJUmE33ZmHcC&pg=PA187&lpg=PA187&dq=2004年代民調&source=bl&ots=U1m0L45Jfe&sig=j8iCGyOsnq3zz0NABounL8DTldg&hl=en&sa=X&ved=0ahUKEwj_8azGo4vRAhUEKCYKHfReDV8Q6AEIRzAH#v=onepage&q=2004年代民調&f=false,
世新大學,2004/1/29,1079,,35.3%,50.5%,0%,14.2%,national,11th,https://books.google.com/books?id=pJUmE33ZmHcC&pg=PA187&lpg=PA187&dq=2004年代民調&source=bl&ots=U1m0L45Jfe&sig=j8iCGyOsnq3zz0NABounL8DTldg&hl=en&sa=X&ved=0ahUKEwj_8azGo4vRAhUEKCYKHfReDV8Q6AEIRzAH#v=onepage&q=2004年代民調&f=false,
世新大學,2004/11/5,1093,,35.9%,44.9%,0%,19.2%,national,11th,https://books.google.com/books?id=pJUmE33ZmHcC&pg=PA187&lpg=PA187&dq=2004年代民調&source=bl&ots=U1m0L45Jfe&sig=j8iCGyOsnq3zz0NABounL8DTldg&hl=en&sa=X&ved=0ahUKEwj_8azGo4vRAhUEKCYKHfReDV8Q6AEIRzAH#v=onepage&q=2004年代民調&f=false,
世新大學,2003/12/25,1079,,37.3%,40.4%,0%,22.3%,national,11th,https://books.google.com/books?id=pJUmE33ZmHcC&pg=PA187&lpg=PA187&dq=2004年代民調&source=bl&ots=U1m0L45Jfe&sig=j8iCGyOsnq3zz0NABounL8DTldg&hl=en&sa=X&ved=0ahUKEwj_8azGo4vRAhUEKCYKHfReDV8Q6AEIRzAH#v=onepage&q=2004年代民調&f=false,
世新大學,2004/3/1,3391,,39.8%,38.1%,0%,22.1%,national,11th,https://books.google.com/books?id=pJUmE33ZmHcC&pg=PA187&lpg=PA187&dq=2004年代民調&source=bl&ots=U1m0L45Jfe&sig=j8iCGyOsnq3zz0NABounL8DTldg&hl=en&sa=X&ved=0ahUKEwj_8azGo4vRAhUEKCYKHfReDV8Q6AEIRzAH#v=onepage&q=2004年代民調&f=false,
中國時報,2004/2/21,920,,37%,42%,0%,21%,national,11th,https://books.google.com/books?id=pJUmE33ZmHcC&pg=PA187&lpg=PA187&dq=2004年代民調&source=bl&ots=U1m0L45Jfe&sig=j8iCGyOsnq3zz0NABounL8DTldg&hl=en&sa=X&ved=0ahUKEwj_8azGo4vRAhUEKCYKHfReDV8Q6AEIRzAH#v=onepage&q=2004年代民調&f=false,
中國時報,2004/2/17,2535,,40%,43%,0%,17%,national,11th,https://books.google.com/books?id=pJUmE33ZmHcC&pg=PA187&lpg=PA187&dq=2004年代民調&source=bl&ots=U1m0L45Jfe&sig=j8iCGyOsnq3zz0NABounL8DTldg&hl=en&sa=X&ved=0ahUKEwj_8azGo4vRAhUEKCYKHfReDV8Q6AEIRzAH#v=onepage&q=2004年代民調&f=false,
中國時報,2004/1/12,4013,,35%,37%,0%,28%,national,11th,https://books.google.com/books?id=pJUmE33ZmHcC&pg=PA187&lpg=PA187&dq=2004年代民調&source=bl&ots=U1m0L45Jfe&sig=j8iCGyOsnq3zz0NABounL8DTldg&hl=en&sa=X&ved=0ahUKEwj_8azGo4vRAhUEKCYKHfReDV8Q6AEIRzAH#v=onepage&q=2004年代民調&f=false,
中國時報,2004/1/2,1371,,35%,35%,0%,30%,national,11th,https://books.google.com/books?id=pJUmE33ZmHcC&pg=PA187&lpg=PA187&dq=2004年代民調&source=bl&ots=U1m0L45Jfe&sig=j8iCGyOsnq3zz0NABounL8DTldg&hl=en&sa=X&ved=0ahUKEwj_8azGo4vRAhUEKCYKHfReDV8Q6AEIRzAH#v=onepage&q=2004年代民調&f=false,
中國時報,2003/12/25,1070,,36%,34%,0%,30%,national,11th,https://books.google.com/books?id=pJUmE33ZmHcC&pg=PA187&lpg=PA187&dq=2004年代民調&source=bl&ots=U1m0L45Jfe&sig=j8iCGyOsnq3zz0NABounL8DTldg&hl=en&sa=X&ved=0ahUKEwj_8azGo4vRAhUEKCYKHfReDV8Q6AEIRzAH#v=onepage&q=2004年代民調&f=false,
,,,,,,,,,,,
環球電視/新新聞/中央通訊社,1/17/2000,,,25%,16.6%,25.3%,33.1%,national,10th,https://books.google.com/books?id=pJUmE33ZmHcC&pg=PA187&lpg=PA187&dq=2004年代民調&source=bl&ots=U1m0L45Jfe&sig=j8iCGyOsnq3zz0NABounL8DTldg&hl=en&sa=X&ved=0ahUKEwj_8azGo4vRAhUEKCYKHfReDV8Q6AEIRzAH#v=onepage&q=2004年代民調&f=false,
天下雜誌,1/27/2000,,,30%,16.1%,27.9%,26%,national,10th,https://books.google.com/books?id=pJUmE33ZmHcC&pg=PA187&lpg=PA187&dq=2004年代民調&source=bl&ots=U1m0L45Jfe&sig=j8iCGyOsnq3zz0NABounL8DTldg&hl=en&sa=X&ved=0ahUKEwj_8azGo4vRAhUEKCYKHfReDV8Q6AEIRzAH#v=onepage&q=2004年代民調&f=false,
傳訊電視,1/31/2000,,,26.4%,20.1%,29.1%,24.4%,national,10th,https://books.google.com/books?id=pJUmE33ZmHcC&pg=PA187&lpg=PA187&dq=2004年代民調&source=bl&ots=U1m0L45Jfe&sig=j8iCGyOsnq3zz0NABounL8DTldg&hl=en&sa=X&ved=0ahUKEwj_8azGo4vRAhUEKCYKHfReDV8Q6AEIRzAH#v=onepage&q=2004年代民調&f=false,
中央警察大學,2/19/2000,,,21.3%,25.2%,23.8%,29.7%,national,10th,https://books.google.com/books?id=pJUmE33ZmHcC&pg=PA187&lpg=PA187&dq=2004年代民調&source=bl&ots=U1m0L45Jfe&sig=j8iCGyOsnq3zz0NABounL8DTldg&hl=en&sa=X&ved=0ahUKEwj_8azGo4vRAhUEKCYKHfReDV8Q6AEIRzAH#v=onepage&q=2004年代民調&f=false,
台灣蓋洛普,2/29/2000,,,22.7%,15%,23.2%,39.1%,national,10th,https://books.google.com/books?id=pJUmE33ZmHcC&pg=PA187&lpg=PA187&dq=2004年代民調&source=bl&ots=U1m0L45Jfe&sig=j8iCGyOsnq3zz0NABounL8DTldg&hl=en&sa=X&ved=0ahUKEwj_8azGo4vRAhUEKCYKHfReDV8Q6AEIRzAH#v=onepage&q=2004年代民調&f=false,
國民黨,2/29/2000,,,23%,26%,24%,27%,national,10th,https://books.google.com/books?id=pJUmE33ZmHcC&pg=PA187&lpg=PA187&dq=2004年代民調&source=bl&ots=U1m0L45Jfe&sig=j8iCGyOsnq3zz0NABounL8DTldg&hl=en&sa=X&ved=0ahUKEwj_8azGo4vRAhUEKCYKHfReDV8Q6AEIRzAH#v=onepage&q=2004年代民調&f=false,
中華學術基金會,3/1/2000,,,24.1%,25.2%,22.1%,28.6%,national,10th,https://books.google.com/books?id=pJUmE33ZmHcC&pg=PA187&lpg=PA187&dq=2004年代民調&source=bl&ots=U1m0L45Jfe&sig=j8iCGyOsnq3zz0NABounL8DTldg&hl=en&sa=X&ved=0ahUKEwj_8azGo4vRAhUEKCYKHfReDV8Q6AEIRzAH#v=onepage&q=2004年代民調&f=false,
勁報,3/1/2000,,,22.3%,21.9%,20.8%,35%,national,10th,https://books.google.com/books?id=pJUmE33ZmHcC&pg=PA187&lpg=PA187&dq=2004年代民調&source=bl&ots=U1m0L45Jfe&sig=j8iCGyOsnq3zz0NABounL8DTldg&hl=en&sa=X&ved=0ahUKEwj_8azGo4vRAhUEKCYKHfReDV8Q6AEIRzAH#v=onepage&q=2004年代民調&f=false,
中國時報,3/3/2000,,,22%,20%,22%,36%,national,10th,https://books.google.com/books?id=pJUmE33ZmHcC&pg=PA187&lpg=PA187&dq=2004年代民調&source=bl&ots=U1m0L45Jfe&sig=j8iCGyOsnq3zz0NABounL8DTldg&hl=en&sa=X&ved=0ahUKEwj_8azGo4vRAhUEKCYKHfReDV8Q6AEIRzAH#v=onepage&q=2004年代民調&f=false,
世新大學,3/5/2000,,,24%,18.7%,26.9%,30.4%,national,10th,https://books.google.com/books?id=pJUmE33ZmHcC&pg=PA187&lpg=PA187&dq=2004年代民調&source=bl&ots=U1m0L45Jfe&sig=j8iCGyOsnq3zz0NABounL8DTldg&hl=en&sa=X&ved=0ahUKEwj_8azGo4vRAhUEKCYKHfReDV8Q6AEIRzAH#v=onepage&q=2004年代民調&f=false,
聯合報,3/5/2000,,,22%,27%,26%,25%,national,10th,https://books.google.com/books?id=pJUmE33ZmHcC&pg=PA187&lpg=PA187&dq=2004年代民調&source=bl&ots=U1m0L45Jfe&sig=j8iCGyOsnq3zz0NABounL8DTldg&hl=en&sa=X&ved=0ahUKEwj_8azGo4vRAhUEKCYKHfReDV8Q6AEIRzAH#v=onepage&q=2004年代民調&f=false,
企業發展研究學會,3/6/2000,,,22.5%,25.8%,19.5%,32.2%,national,10th,https://books.google.com/books?id=pJUmE33ZmHcC&pg=PA187&lpg=PA187&dq=2004年代民調&source=bl&ots=U1m0L45Jfe&sig=j8iCGyOsnq3zz0NABounL8DTldg&hl=en&sa=X&ved=0ahUKEwj_8azGo4vRAhUEKCYKHfReDV8Q6AEIRzAH#v=onepage&q=2004年代民調&f=false,
民間決策國際公關民調中心,3/6/2000,,,24.2%,20.3%,24.2%,31.3%,national,10th,https://books.google.com/books?id=pJUmE33ZmHcC&pg=PA187&lpg=PA187&dq=2004年代民調&source=bl&ots=U1m0L45Jfe&sig=j8iCGyOsnq3zz0NABounL8DTldg&hl=en&sa=X&ved=0ahUKEwj_8azGo4vRAhUEKCYKHfReDV8Q6AEIRzAH#v=onepage&q=2004年代民調&f=false,
明裕文化基金會,3/6/2000,,,22.1%,24.1%,21.7%,32.1%,national,10th,https://books.google.com/books?id=pJUmE33ZmHcC&pg=PA187&lpg=PA187&dq=2004年代民調&source=bl&ots=U1m0L45Jfe&sig=j8iCGyOsnq3zz0NABounL8DTldg&hl=en&sa=X&ved=0ahUKEwj_8azGo4vRAhUEKCYKHfReDV8Q6AEIRzAH#v=onepage&q=2004年代民調&f=false,
山水民調,3/7/2000,,,21.7%,22.8%,26.5%,29%,national,10th,https://books.google.com/books?id=pJUmE33ZmHcC&pg=PA187&lpg=PA187&dq=2004年代民調&source=bl&ots=U1m0L45Jfe&sig=j8iCGyOsnq3zz0NABounL8DTldg&hl=en&sa=X&ved=0ahUKEwj_8azGo4vRAhUEKCYKHfReDV8Q6AEIRzAH#v=onepage&q=2004年代民調&f=false,
民進黨,3/7/2000,,,25.8%,22.4%,25.1%,26.7%,national,10th,https://books.google.com/books?id=pJUmE33ZmHcC&pg=PA187&lpg=PA187&dq=2004年代民調&source=bl&ots=U1m0L45Jfe&sig=j8iCGyOsnq3zz0NABounL8DTldg&hl=en&sa=X&ved=0ahUKEwj_8azGo4vRAhUEKCYKHfReDV8Q6AEIRzAH#v=onepage&q=2004年代民調&f=false,
民意測驗學會,3/7/2000,,,23.8%,23.9%,21.3%,31%,national,10th,https://books.google.com/books?id=pJUmE33ZmHcC&pg=PA187&lpg=PA187&dq=2004年代民調&source=bl&ots=U1m0L45Jfe&sig=j8iCGyOsnq3zz0NABounL8DTldg&hl=en&sa=X&ved=0ahUKEwj_8azGo4vRAhUEKCYKHfReDV8Q6AEIRzAH#v=onepage&q=2004年代民調&f=false,
國家競争力研究學會/大趨勢民調,3/7/2000,,,21.3%,24.5%,22%,32.2%,national,10th,https://books.google.com/books?id=pJUmE33ZmHcC&pg=PA187&lpg=PA187&dq=2004年代民調&source=bl&ots=U1m0L45Jfe&sig=j8iCGyOsnq3zz0NABounL8DTldg&hl=en&sa=X&ved=0ahUKEwj_8azGo4vRAhUEKCYKHfReDV8Q6AEIRzAH#v=onepage&q=2004年代民調&f=false,
宋楚瑜競選總部,3/7/2000,,,21.1%,17.6%,23.1%,38.2%,national,10th,https://books.google.com/books?id=pJUmE33ZmHcC&pg=PA187&lpg=PA187&dq=2004年代民調&source=bl&ots=U1m0L45Jfe&sig=j8iCGyOsnq3zz0NABounL8DTldg&hl=en&sa=X&ved=0ahUKEwj_8azGo4vRAhUEKCYKHfReDV8Q6AEIRzAH#v=onepage&q=2004年代民調&f=false,
國民黨,3/7/2000,,,29.4%,34.6%,30.9%,5.1%,national,10th,https://books.google.com/books?id=pJUmE33ZmHcC&pg=PA187&lpg=PA187&dq=2004年代民調&source=bl&ots=U1m0L45Jfe&sig=j8iCGyOsnq3zz0NABounL8DTldg&hl=en&sa=X&ved=0ahUKEwj_8azGo4vRAhUEKCYKHfReDV8Q6AEIRzAH#v=onepage&q=2004年代民調&f=false,
中華民國婦女創業協會,3/7/2000,,,21.8%,22.2%,20.7%,35.3%,national,10th,https://books.google.com/books?id=pJUmE33ZmHcC&pg=PA187&lpg=PA187&dq=2004年代民調&source=bl&ots=U1m0L45Jfe&sig=j8iCGyOsnq3zz0NABounL8DTldg&hl=en&sa=X&ved=0ahUKEwj_8azGo4vRAhUEKCYKHfReDV8Q6AEIRzAH#v=onepage&q=2004年代民調&f=false,
TVBS,3/7/2000,,,26%,25%,24%,25%,national,10th,https://books.google.com/books?id=pJUmE33ZmHcC&pg=PA187&lpg=PA187&dq=2004年代民調&source=bl&ots=U1m0L45Jfe&sig=j8iCGyOsnq3zz0NABounL8DTldg&hl=en&sa=X&ved=0ahUKEwj_8azGo4vRAhUEKCYKHfReDV8Q6AEIRzAH#v=onepage&q=2004年代民調&f=false,